ZipCode,TaxRegionName,EstimatedCombinedRate
90001,LOS ANGELES COUNTY,0.095
90002,LOS ANGELES,0.095
90003,LOS ANGELES,0.095
90004,LOS ANGELES,0.095
90005,LOS ANGELES,0.095
90006,LOS ANGELES,0.095
90007,LOS ANGELES,0.095
90008,LOS ANGELES,0.095
90009,LOS ANGELES TOURISM MARKETING DISTRICT,0.095
90010,LOS ANGELES,0.095
90011,LOS ANGELES,0.095
90012,LOS ANGELES,0.095
90013,LOS ANGELES,0.095
90014,LOS ANGELES,0.095
90015,LOS ANGELES,0.095
90016,LOS ANGELES,0.095
90017,LOS ANGELES,0.095
90018,LOS ANGELES,0.095
90019,LOS ANGELES,0.095
90020,LOS ANGELES,0.095
90021,LOS ANGELES,0.095
90022,LOS ANGELES COUNTY,0.095
90023,LOS ANGELES,0.095
90024,LOS ANGELES,0.095
90025,LOS ANGELES,0.095
90026,LOS ANGELES,0.095
90027,LOS ANGELES,0.095
90028,LOS ANGELES,0.095
90029,LOS ANGELES,0.095
90030,LOS ANGELES,0.095
90031,LOS ANGELES,0.095
90032,LOS ANGELES,0.095
90033,LOS ANGELES,0.095
90034,LOS ANGELES,0.095
90035,LOS ANGELES,0.095
90036,LOS ANGELES,0.095
90037,LOS ANGELES,0.095
90038,LOS ANGELES,0.095
90039,LOS ANGELES,0.095
90040,COMMERCE,0.1025
90041,LOS ANGELES,0.095
90042,LOS ANGELES,0.095
90043,LOS ANGELES,0.095
90044,LOS ANGELES,0.095
90045,LOS ANGELES,0.095
90046,LOS ANGELES,0.095
90047,LOS ANGELES,0.095
90048,LOS ANGELES,0.095
90049,LOS ANGELES,0.095
90050,LOS ANGELES,0.095
90051,LOS ANGELES,0.095
90052,LOS ANGELES,0.095
90053,LOS ANGELES,0.095
90054,LOS ANGELES,0.095
90055,LOS ANGELES,0.095
90056,LOS ANGELES COUNTY,0.095
90057,LOS ANGELES,0.095
90058,VERNON,0.1025
90059,LOS ANGELES,0.095
90060,LOS ANGELES,0.095
90061,LOS ANGELES,0.095
90062,LOS ANGELES,0.095
90063,LOS ANGELES COUNTY,0.095
90064,LOS ANGELES,0.095
90065,LOS ANGELES,0.095
90066,LOS ANGELES,0.095
90067,LOS ANGELES,0.095
90068,LOS ANGELES,0.095
90069,WEST HOLLYWOOD BUSINESS IMPROVEMENT AREA,0.1025
90070,LOS ANGELES,0.095
90071,LOS ANGELES,0.095
90072,LOS ANGELES,0.095
90073,LOS ANGELES COUNTY,0.095
90074,LOS ANGELES,0.095
90075,LOS ANGELES,0.095
90076,LOS ANGELES,0.095
90077,LOS ANGELES,0.095
90078,LOS ANGELES,0.095
90079,LOS ANGELES,0.095
90081,LOS ANGELES,0.095
90082,LOS ANGELES,0.095
90083,LOS ANGELES,0.095
90084,LOS ANGELES,0.095
90086,LOS ANGELES,0.095
90087,LOS ANGELES,0.095
90088,LOS ANGELES,0.095
90089,LOS ANGELES,0.095
90091,LOS ANGELES COUNTY,0.095
90093,LOS ANGELES,0.095
90094,LOS ANGELES,0.095
90095,LOS ANGELES COUNTY,0.095
90096,LOS ANGELES,0.095
90099,LOS ANGELES,0.095
90201,BELL GARDENS,0.1025
90202,BELL GARDENS,0.1025
90209,BEVERLY HILLS,0.095
90210,BEVERLY HILLS,0.095
90211,BEVERLY HILLS,0.095
90212,BEVERLY HILLS,0.095
90213,BEVERLY HILLS,0.095
90220,COMPTON,0.1025
90221,COMPTON,0.1025
90222,COMPTON,0.1025
90223,COMPTON,0.1025
90224,COMPTON,0.1025
90230,CULVER CITY,0.1025
90231,CULVER CITY,0.1025
90232,CULVER CITY,0.1025
90233,CULVER CITY,0.1025
90239,DOWNEY,0.1
90240,DOWNEY,0.1
90241,DOWNEY,0.1
90242,DOWNEY,0.1
90245,EL SEGUNDO,0.095
90247,GARDENA,0.1025
90248,LOS ANGELES,0.095
90249,GARDENA,0.1025
90250,LOS ANGELES COUNTY DISTRICT TAX SP,0.1025
90251,LOS ANGELES COUNTY DISTRICT TAX SP,0.1025
90254,HERMOSA BEACH,0.095
90255,HUNTINGTON PARK,0.1025
90260,LAWNDALE,0.1025
90262,LYNWOOD,0.1025
90263,LOS ANGELES COUNTY,0.095
90264,MALIBU,0.095
90265,MALIBU,0.095
90266,MANHATTAN BEACH,0.095
90267,MANHATTAN BEACH,0.095
90270,MAYWOOD,0.095
90272,LOS ANGELES,0.095
90274,ROLLING HILLS ESTATES,0.095
90275,RANCHO PALOS VERDES,0.095
90277,REDONDO BEACH,0.095
90278,REDONDO BEACH,0.095
90280,SOUTH GATE,0.1025
90290,LOS ANGELES COUNTY,0.095
90291,LOS ANGELES,0.095
90292,LOS ANGELES,0.095
90293,LOS ANGELES,0.095
90294,LOS ANGELES,0.095
90295,LOS ANGELES,0.095
90296,LOS ANGELES,0.095
90301,INGLEWOOD,0.1
90302,INGLEWOOD,0.1
90303,INGLEWOOD,0.1
90304,LOS ANGELES COUNTY,0.095
90305,INGLEWOOD,0.1
90306,INGLEWOOD,0.1
90307,INGLEWOOD,0.1
90308,INGLEWOOD,0.1
90309,INGLEWOOD,0.1
90310,INGLEWOOD,0.1
90311,INGLEWOOD,0.1
90401,SANTA MONICA TOURISM MARKETING DISTRICT,0.1025
90402,SANTA MONICA TOURISM MARKETING DISTRICT,0.1025
90403,SANTA MONICA TOURISM MARKETING DISTRICT,0.1025
90404,SANTA MONICA TOURISM MARKETING DISTRICT,0.1025
90405,SANTA MONICA TOURISM MARKETING DISTRICT,0.1025
90406,SANTA MONICA TOURISM MARKETING DISTRICT,0.1025
90408,SANTA MONICA TOURISM MARKETING DISTRICT,0.1025
90409,SANTA MONICA TOURISM MARKETING DISTRICT,0.1025
90501,TORRANCE TOURISM BUSINESS IMPROVEMENT DISTRICT,0.095
90502,LOS ANGELES COUNTY,0.095
90503,TORRANCE TOURISM BUSINESS IMPROVEMENT DISTRICT,0.095
90504,TORRANCE TOURISM BUSINESS IMPROVEMENT DISTRICT,0.095
90505,TORRANCE TOURISM BUSINESS IMPROVEMENT DISTRICT,0.095
90506,LOS ANGELES COUNTY,0.095
90507,TORRANCE TOURISM BUSINESS IMPROVEMENT DISTRICT,0.095
90508,TORRANCE TOURISM BUSINESS IMPROVEMENT DISTRICT,0.095
90510,TORRANCE TOURISM BUSINESS IMPROVEMENT DISTRICT,0.095
90601,WHITTIER,0.1025
90602,WHITTIER,0.1025
90603,WHITTIER,0.1025
90604,LOS ANGELES COUNTY,0.095
90605,LOS ANGELES COUNTY,0.095
90606,LOS ANGELES COUNTY,0.095
90607,WHITTIER,0.1025
90608,WHITTIER,0.1025
90609,WHITTIER,0.1025
90620,BUENA PARK,0.0775
90621,BUENA PARK,0.0775
90622,BUENA PARK,0.0775
90623,LA PALMA,0.0875
90630,CYPRESS,0.0775
90631,LA HABRA,0.0825
90632,LA HABRA,0.0825
90633,LA HABRA,0.0825
90637,LA MIRADA,0.095
90638,LA MIRADA,0.095
90639,LA MIRADA,0.095
90640,MONTEBELLO,0.1025
90650,NORWALK,0.1025
90651,NORWALK,0.1025
90652,NORWALK,0.1025
90660,PICO RIVERA,0.1025
90662,PICO RIVERA,0.1025
90670,SANTA FE SPRINGS,0.105
90671,SANTA FE SPRINGS,0.105
90680,STANTON,0.0875
90701,ARTESIA,0.095
90702,ARTESIA,0.095
90703,CERRITOS,0.095
90704,AVALON,0.1
90706,BELLFLOWER,0.1025
90707,BELLFLOWER,0.1025
90710,LOS ANGELES,0.095
90711,LAKEWOOD,0.1025
90712,LAKEWOOD,0.1025
90713,LAKEWOOD,0.1025
90714,LAKEWOOD,0.1025
90715,LAKEWOOD,0.1025
90716,HAWAIIAN GARDENS,0.1025
90717,LOMITA,0.1025
90720,LOS ALAMITOS,0.0925
90721,LOS ALAMITOS,0.0925
90723,PARAMOUNT,0.1025
90731,LOS ANGELES,0.095
90732,LOS ANGELES,0.095
90733,LOS ANGELES,0.095
90734,RANCHO PALOS VERDES,0.095
90740,SEAL BEACH,0.0875
90742,HUNTINGTON BEACH TOURISM BID,0.0775
90743,SEAL BEACH,0.0875
90744,LOS ANGELES,0.095
90745,CARSON,0.1025
90746,CARSON,0.1025
90747,CARSON,0.1025
90748,LOS ANGELES,0.095
90749,CARSON,0.1025
90755,SIGNAL HILL,0.1025
90801,LONG BEACH,0.1025
90802,LONG BEACH,0.1025
90803,LONG BEACH,0.1025
90804,LONG BEACH,0.1025
90805,LONG BEACH,0.1025
90806,LONG BEACH,0.1025
90807,LONG BEACH,0.1025
90808,LONG BEACH,0.1025
90809,LONG BEACH TOURISM BIA,0.1025
90810,LONG BEACH,0.1025
90813,LONG BEACH,0.1025
90814,LONG BEACH,0.1025
90815,LONG BEACH,0.1025
90822,LONG BEACH,0.1025
90831,LONG BEACH TOURISM BIA,0.1025
90832,LONG BEACH TOURISM BIA,0.1025
90833,LONG BEACH TOURISM BIA,0.1025
90840,LONG BEACH,0.1025
90844,LONG BEACH,0.1025
90846,LONG BEACH,0.1025
90853,LONG BEACH,0.1025
90895,CARSON,0.1025
91001,LOS ANGELES COUNTY,0.095
91003,LOS ANGELES COUNTY,0.095
91006,ARCADIA,0.1025
91007,ARCADIA,0.1025
91008,BRADBURY,0.095
91009,DUARTE,0.1025
91010,DUARTE,0.1025
91011,LA CANADA FLINTRIDGE,0.095
91012,LA CANADA FLINTRIDGE,0.095
91016,MONROVIA,0.1025
91017,MONROVIA,0.1025
91020,LOS ANGELES COUNTY,0.095
91021,LOS ANGELES COUNTY,0.095
91023,LOS ANGELES COUNTY,0.095
91024,SIERRA MADRE,0.1025
91025,SIERRA MADRE,0.1025
91030,SOUTH PASADENA,0.1025
91031,SOUTH PASADENA,0.1025
91040,LOS ANGELES,0.095
91041,LOS ANGELES,0.095
91042,LOS ANGELES,0.095
91043,LOS ANGELES,0.095
91046,GLENDALE,0.1025
91066,ARCADIA,0.1025
91077,ARCADIA,0.1025
91101,PASADENA TOURISM BUSINESS IMPROVEMENT DISTRICT,0.1025
91102,PASADENA TOURISM BUSINESS IMPROVEMENT DISTRICT,0.1025
91103,PASADENA TOURISM BUSINESS IMPROVEMENT DISTRICT,0.1025
91104,PASADENA TOURISM BUSINESS IMPROVEMENT DISTRICT,0.1025
91105,PASADENA TOURISM BUSINESS IMPROVEMENT DISTRICT,0.1025
91106,PASADENA TOURISM BUSINESS IMPROVEMENT DISTRICT,0.1025
91107,PASADENA TOURISM BUSINESS IMPROVEMENT DISTRICT,0.1025
91108,SAN MARINO,0.095
91109,PASADENA TOURISM BUSINESS IMPROVEMENT DISTRICT,0.1025
91114,PASADENA TOURISM BUSINESS IMPROVEMENT DISTRICT,0.1025
91115,PASADENA TOURISM BUSINESS IMPROVEMENT DISTRICT,0.1025
91116,PASADENA TOURISM BUSINESS IMPROVEMENT DISTRICT,0.1025
91117,PASADENA TOURISM BUSINESS IMPROVEMENT DISTRICT,0.1025
91118,SAN MARINO,0.095
91121,PASADENA TOURISM BUSINESS IMPROVEMENT DISTRICT,0.1025
91123,PASADENA TOURISM BUSINESS IMPROVEMENT DISTRICT,0.1025
91124,PASADENA TOURISM BUSINESS IMPROVEMENT DISTRICT,0.1025
91125,PASADENA TOURISM BUSINESS IMPROVEMENT DISTRICT,0.1025
91126,PASADENA TOURISM BUSINESS IMPROVEMENT DISTRICT,0.1025
91129,PASADENA TOURISM BUSINESS IMPROVEMENT DISTRICT,0.1025
91182,PASADENA TOURISM BUSINESS IMPROVEMENT DISTRICT,0.1025
91184,PASADENA TOURISM BUSINESS IMPROVEMENT DISTRICT,0.1025
91185,PASADENA TOURISM BUSINESS IMPROVEMENT DISTRICT,0.1025
91188,PASADENA TOURISM BUSINESS IMPROVEMENT DISTRICT,0.1025
91189,PASADENA TOURISM BUSINESS IMPROVEMENT DISTRICT,0.1025
91199,PASADENA TOURISM BUSINESS IMPROVEMENT DISTRICT,0.1025
91201,GLENDALE,0.1025
91202,GLENDALE,0.1025
91203,GLENDALE,0.1025
91204,GLENDALE,0.1025
91205,GLENDALE,0.1025
91206,GLENDALE,0.1025
91207,GLENDALE,0.1025
91208,GLENDALE,0.1025
91209,GLENDALE,0.1025
91210,GLENDALE,0.1025
91214,GLENDALE,0.1025
91221,GLENDALE,0.1025
91222,GLENDALE,0.1025
91224,GLENDALE,0.1025
91225,GLENDALE,0.1025
91226,GLENDALE,0.1025
91301,AGOURA HILLS,0.095
91302,CALABASAS,0.095
91303,LOS ANGELES,0.095
91304,LOS ANGELES,0.095
91305,LOS ANGELES,0.095
91306,LOS ANGELES,0.095
91307,LOS ANGELES,0.095
91308,LOS ANGELES,0.095
91309,LOS ANGELES,0.095
91310,LOS ANGELES COUNTY,0.095
91311,LOS ANGELES,0.095
91313,LOS ANGELES,0.095
91316,LOS ANGELES,0.095
91319,THOUSAND OAKS,0.0725
91320,THOUSAND OAKS,0.0725
91321,SANTA CLARITA TOURISM MARKETING DISTRICT,0.095
91322,SANTA CLARITA TOURISM MARKETING DISTRICT,0.095
91324,LOS ANGELES,0.095
91325,LOS ANGELES,0.095
91326,LOS ANGELES,0.095
91327,LOS ANGELES,0.095
91328,LOS ANGELES,0.095
91329,LOS ANGELES,0.095
91330,LOS ANGELES,0.095
91331,LOS ANGELES,0.095
91333,LOS ANGELES,0.095
91334,LOS ANGELES,0.095
91335,LOS ANGELES,0.095
91337,LOS ANGELES,0.095
91340,SAN FERNANDO,0.1025
91341,SAN FERNANDO,0.1025
91342,LOS ANGELES,0.095
91343,LOS ANGELES,0.095
91344,LOS ANGELES,0.095
91345,LOS ANGELES,0.095
91346,LOS ANGELES,0.095
91350,SANTA CLARITA TOURISM MARKETING DISTRICT,0.095
91351,SANTA CLARITA TOURISM MARKETING DISTRICT,0.095
91352,LOS ANGELES,0.095
91353,LOS ANGELES,0.095
91354,SANTA CLARITA TOURISM MARKETING DISTRICT,0.095
91355,SANTA CLARITA TOURISM MARKETING DISTRICT,0.095
91356,LOS ANGELES,0.095
91357,LOS ANGELES,0.095
91358,THOUSAND OAKS,0.0725
91359,THOUSAND OAKS,0.0725
91360,THOUSAND OAKS,0.0725
91361,THOUSAND OAKS,0.0725
91362,THOUSAND OAKS,0.0725
91364,LOS ANGELES,0.095
91365,LOS ANGELES,0.095
91367,LOS ANGELES,0.095
91371,LOS ANGELES,0.095
91372,CALABASAS,0.095
91376,AGOURA HILLS,0.095
91377,VENTURA CO LOCAL TAX SL,0.0725
91380,SANTA CLARITA TOURISM MARKETING DISTRICT,0.095
91381,LOS ANGELES COUNTY,0.095
91382,SANTA CLARITA TOURISM MARKETING DISTRICT,0.095
91383,SANTA CLARITA TOURISM MARKETING DISTRICT,0.095
91384,LOS ANGELES COUNTY,0.095
91385,SANTA CLARITA TOURISM MARKETING DISTRICT,0.095
91386,SANTA CLARITA TOURISM MARKETING DISTRICT,0.095
91387,SANTA CLARITA TOURISM MARKETING DISTRICT,0.095
91390,LOS ANGELES COUNTY,0.095
91392,LOS ANGELES,0.095
91393,LOS ANGELES,0.095
91394,LOS ANGELES,0.095
91395,LOS ANGELES,0.095
91396,LOS ANGELES,0.095
91401,LOS ANGELES,0.095
91402,LOS ANGELES,0.095
91403,LOS ANGELES,0.095
91404,LOS ANGELES,0.095
91405,LOS ANGELES,0.095
91406,LOS ANGELES,0.095
91407,LOS ANGELES,0.095
91408,LOS ANGELES,0.095
91409,LOS ANGELES,0.095
91411,LOS ANGELES,0.095
91412,LOS ANGELES,0.095
91413,LOS ANGELES,0.095
91416,LOS ANGELES,0.095
91423,LOS ANGELES,0.095
91426,LOS ANGELES,0.095
91436,LOS ANGELES,0.095
91470,LOS ANGELES,0.095
91482,LOS ANGELES,0.095
91495,LOS ANGELES,0.095
91496,LOS ANGELES,0.095
91501,BURBANK,0.1025
91502,BURBANK,0.1025
91503,BURBANK,0.1025
91504,BURBANK,0.1025
91505,BURBANK,0.1025
91506,BURBANK,0.1025
91507,BURBANK,0.1025
91508,BURBANK,0.1025
91510,BURBANK,0.1025
91521,BURBANK,0.1025
91522,BURBANK,0.1025
91523,BURBANK,0.1025
91526,BURBANK,0.1025
91601,LOS ANGELES,0.095
91602,LOS ANGELES,0.095
91603,LOS ANGELES,0.095
91604,LOS ANGELES,0.095
91605,LOS ANGELES,0.095
91606,LOS ANGELES,0.095
91607,LOS ANGELES,0.095
91608,LOS ANGELES COUNTY,0.095
91609,LOS ANGELES,0.095
91610,LOS ANGELES,0.095
91611,LOS ANGELES,0.095
91612,LOS ANGELES,0.095
91614,LOS ANGELES,0.095
91615,LOS ANGELES,0.095
91617,LOS ANGELES,0.095
91618,LOS ANGELES,0.095
91701,RANCHO CUCAMONGA,0.0775
91702,AZUSA,0.1025
91706,BALDWIN PARK,0.095
91708,CHINO,0.0775
91709,CHINO HILLS,0.0775
91710,CHINO,0.0775
91711,CLAREMONT,0.095
91714,INDUSTRY,0.095
91715,INDUSTRY,0.095
91722,COVINA,0.1025
91723,COVINA,0.1025
91724,COVINA,0.1025
91729,RANCHO CUCAMONGA,0.0775
91730,RANCHO CUCAMONGA,0.0775
91731,EL MONTE,0.1
91732,EL MONTE,0.1
91733,SOUTH EL MONTE,0.1025
91734,EL MONTE,0.1
91737,RANCHO CUCAMONGA,0.0775
91739,RANCHO CUCAMONGA,0.0775
91740,GLENDORA,0.1025
91741,GLENDORA,0.1025
91743,ONTARIO,0.0775
91744,LA PUENTE,0.1
91745,LOS ANGELES COUNTY,0.095
91746,LOS ANGELES COUNTY,0.095
91747,LA PUENTE,0.1
91748,LOS ANGELES COUNTY,0.095
91750,LA VERNE,0.1025
91752,JURUPA VALLEY,0.0775
91754,MONTEREY PARK,0.095
91755,MONTEREY PARK,0.095
91756,MONTEREY PARK,0.095
91759,SAN BERNARDINO COUNTY,0.0775
91761,ONTARIO,0.0775
91762,ONTARIO,0.0775
91763,MONTCLAIR,0.09
91764,ONTARIO,0.0775
91765,DIAMOND BAR,0.095
91766,POMONA,0.1025
91767,POMONA,0.1025
91768,POMONA,0.1025
91769,POMONA,0.1025
91770,ROSEMEAD,0.095
91771,ROSEMEAD,0.095
91772,ROSEMEAD,0.095
91773,SAN DIMAS,0.095
91775,LOS ANGELES COUNTY,0.095
91776,SAN GABRIEL,0.1025
91778,SAN GABRIEL,0.1025
91780,TEMPLE CITY,0.095
91784,UPLAND,0.0775
91785,UPLAND,0.0775
91786,UPLAND,0.0775
91788,WALNUT,0.095
91789,WALNUT,0.095
91790,WEST COVINA,0.095
91791,WEST COVINA,0.095
91792,WEST COVINA,0.095
91793,WEST COVINA,0.095
91801,ALHAMBRA,0.1025
91802,ALHAMBRA,0.1025
91803,ALHAMBRA,0.1025
91804,ALHAMBRA,0.1025
91896,ALHAMBRA,0.1025
91899,ALHAMBRA,0.1025
91901,SAN DIEGO COUNTY,0.0775
91902,SAN DIEGO COUNTY,0.0775
91903,SAN DIEGO COUNTY,0.0775
91905,SAN DIEGO COUNTY,0.0775
91906,SAN DIEGO COUNTY,0.0775
91908,SAN DIEGO COUNTY,0.0775
91910,CHULA VISTA,0.0875
91911,CHULA VISTA,0.0875
91912,CHULA VISTA,0.0875
91913,CHULA VISTA,0.0875
91914,CHULA VISTA,0.0875
91915,CHULA VISTA,0.0875
91916,SAN DIEGO COUNTY,0.0775
91917,SAN DIEGO COUNTY,0.0775
91921,CHULA VISTA,0.0875
91931,SAN DIEGO COUNTY,0.0775
91932,IMPERIAL BEACH,0.0875
91933,IMPERIAL BEACH,0.0875
91934,SAN DIEGO COUNTY,0.0775
91935,SAN DIEGO COUNTY,0.0775
91941,LA MESA,0.085
91942,LA MESA,0.085
91943,LA MESA,0.085
91944,LA MESA,0.085
91945,LEMON GROVE,0.0775
91946,LEMON GROVE,0.0775
91948,SAN DIEGO COUNTY,0.0775
91950,NATIONAL CITY,0.0875
91951,NATIONAL CITY,0.0875
91962,SAN DIEGO COUNTY,0.0775
91963,SAN DIEGO COUNTY,0.0775
91976,SAN DIEGO COUNTY,0.0775
91977,SAN DIEGO COUNTY,0.0775
91978,SAN DIEGO COUNTY,0.0775
91979,SAN DIEGO COUNTY,0.0775
91980,SAN DIEGO COUNTY,0.0775
92003,SAN DIEGO COUNTY,0.0775
92004,SAN DIEGO COUNTY,0.0775
92007,ENCINITAS,0.0775
92008,CARLSBAD GOLF LODGING BUSINESS IMPROVEMENT DISTRICT,0.0775
92009,CARLSBAD GOLF LODGING BUSINESS IMPROVEMENT DISTRICT,0.0775
92010,CARLSBAD GOLF LODGING BUSINESS IMPROVEMENT DISTRICT,0.0775
92011,CARLSBAD GOLF LODGING BUSINESS IMPROVEMENT DISTRICT,0.0775
92013,CARLSBAD GOLF LODGING BUSINESS IMPROVEMENT DISTRICT,0.0775
92014,DEL MAR,0.0875
92018,CARLSBAD GOLF LODGING BUSINESS IMPROVEMENT DISTRICT,0.0775
92019,SAN DIEGO COUNTY,0.0775
92020,EL CAJON,0.0825
92021,SAN DIEGO COUNTY,0.0775
92022,EL CAJON,0.0825
92023,ENCINITAS,0.0775
92024,ENCINITAS,0.0775
92025,ESCONDIDO,0.0775
92026,ESCONDIDO,0.0775
92027,ESCONDIDO,0.0775
92028,SAN DIEGO COUNTY,0.0775
92029,ESCONDIDO,0.0775
92030,ESCONDIDO,0.0775
92033,ESCONDIDO,0.0775
92036,SAN DIEGO COUNTY,0.0775
92037,SAN DIEGO CITY,0.0775
92038,SAN DIEGO CITY,0.0775
92039,SAN DIEGO CITY,0.0775
92040,SAN DIEGO COUNTY,0.0775
92046,ESCONDIDO,0.0775
92049,OCEANSIDE TOURISM MARKETING DISTRICT,0.0825
92051,OCEANSIDE TOURISM MARKETING DISTRICT,0.0825
92052,OCEANSIDE TOURISM MARKETING DISTRICT,0.0825
92054,OCEANSIDE TOURISM MARKETING DISTRICT,0.0825
92055,SAN DIEGO COUNTY,0.0775
92056,OCEANSIDE TOURISM MARKETING DISTRICT,0.0825
92057,OCEANSIDE TOURISM MARKETING DISTRICT,0.0825
92058,OCEANSIDE TOURISM MARKETING DISTRICT,0.0825
92059,SAN DIEGO COUNTY,0.0775
92060,SAN DIEGO COUNTY,0.0775
92061,SAN DIEGO COUNTY,0.0775
92064,POWAY,0.0775
92065,SAN DIEGO COUNTY,0.0775
92066,SAN DIEGO COUNTY,0.0775
92067,SAN DIEGO COUNTY,0.0775
92068,OCEANSIDE TOURISM MARKETING DISTRICT,0.0825
92069,SAN MARCOS,0.0775
92070,SAN DIEGO COUNTY,0.0775
92071,SANTEE,0.0775
92072,SANTEE,0.0775
92074,POWAY,0.0775
92075,SOLANA BEACH,0.0775
92078,SAN MARCOS,0.0775
92079,SAN MARCOS,0.0775
92081,VISTA,0.0825
92082,SAN DIEGO COUNTY,0.0775
92083,VISTA,0.0825
92084,VISTA,0.0825
92085,VISTA,0.0825
92086,SAN DIEGO COUNTY,0.0775
92088,SAN DIEGO COUNTY,0.0775
92091,SAN DIEGO COUNTY,0.0775
92092,SAN DIEGO CITY,0.0775
92093,SAN DIEGO CITY,0.0775
92096,SAN MARCOS,0.0775
92101,SAN DIEGO CITY,0.0775
92102,SAN DIEGO CITY,0.0775
92103,SAN DIEGO CITY,0.0775
92104,SAN DIEGO CITY,0.0775
92105,SAN DIEGO CITY,0.0775
92106,SAN DIEGO CITY,0.0775
92107,SAN DIEGO CITY,0.0775
92108,SAN DIEGO CITY,0.0775
92109,SAN DIEGO CITY,0.0775
92110,SAN DIEGO CITY,0.0775
92111,SAN DIEGO CITY,0.0775
92112,SAN DIEGO CITY,0.0775
92113,SAN DIEGO CITY,0.0775
92114,SAN DIEGO CITY,0.0775
92115,SAN DIEGO CITY,0.0775
92116,SAN DIEGO CITY,0.0775
92117,SAN DIEGO CITY,0.0775
92118,CORONADO,0.0775
92119,SAN DIEGO CITY,0.0775
92120,SAN DIEGO CITY,0.0775
92121,SAN DIEGO CITY,0.0775
92122,SAN DIEGO CITY,0.0775
92123,SAN DIEGO CITY,0.0775
92124,SAN DIEGO CITY,0.0775
92126,SAN DIEGO CITY,0.0775
92127,SAN DIEGO CITY,0.0775
92128,SAN DIEGO CITY,0.0775
92129,SAN DIEGO CITY,0.0775
92130,SAN DIEGO CITY,0.0775
92131,SAN DIEGO CITY,0.0775
92132,SAN DIEGO CITY,0.0775
92134,SAN DIEGO CITY,0.0775
92135,SAN DIEGO CITY,0.0775
92136,SAN DIEGO CITY,0.0775
92137,SAN DIEGO CITY,0.0775
92138,SAN DIEGO CITY,0.0775
92139,SAN DIEGO CITY,0.0775
92140,SAN DIEGO CITY,0.0775
92142,SAN DIEGO CITY,0.0775
92143,SAN DIEGO CITY,0.0775
92145,SAN DIEGO CITY,0.0775
92147,SAN DIEGO CITY,0.0775
92149,SAN DIEGO CITY,0.0775
92150,SAN DIEGO CITY,0.0775
92152,SAN DIEGO CITY,0.0775
92153,SAN DIEGO CITY,0.0775
92154,SAN DIEGO CITY,0.0775
92155,CORONADO,0.0775
92158,SAN DIEGO COUNTY,0.0775
92159,SAN DIEGO CITY,0.0775
92160,SAN DIEGO CITY,0.0775
92161,SAN DIEGO CITY,0.0775
92163,SAN DIEGO CITY,0.0775
92165,SAN DIEGO CITY,0.0775
92166,SAN DIEGO CITY,0.0775
92167,SAN DIEGO CITY,0.0775
92168,SAN DIEGO CITY,0.0775
92169,SAN DIEGO CITY,0.0775
92170,SAN DIEGO CITY,0.0775
92171,SAN DIEGO CITY,0.0775
92172,SAN DIEGO CITY,0.0775
92173,SAN DIEGO CITY,0.0775
92174,SAN DIEGO CITY,0.0775
92175,SAN DIEGO CITY,0.0775
92176,SAN DIEGO CITY,0.0775
92177,SAN DIEGO CITY,0.0775
92178,CORONADO,0.0775
92179,SAN DIEGO CITY,0.0775
92182,SAN DIEGO CITY,0.0775
92187,SAN DIEGO CITY,0.0775
92191,SAN DIEGO CITY,0.0775
92192,SAN DIEGO CITY,0.0775
92193,SAN DIEGO CITY,0.0775
92195,SAN DIEGO CITY,0.0775
92196,SAN DIEGO CITY,0.0775
92197,SAN DIEGO CITY,0.0775
92198,SAN DIEGO CITY,0.0775
92199,SAN DIEGO CITY,0.0775
92201,INDIO,0.0875
92202,INDIO,0.0875
92203,INDIO,0.0875
92210,INDIAN WELLS,0.0775
92211,PALM DESERT,0.0775
92220,BANNING,0.0775
92222,IMPERIAL COUNTY,0.0775
92223,BEAUMONT,0.0775
92225,BLYTHE,0.0875
92226,BLYTHE,0.0875
92227,BRAWLEY,0.0775
92230,RIVERSIDE COUNTY,0.0775
92231,CALEXICO,0.0825
92232,CALEXICO,0.0825
92233,IMPERIAL COUNTY,0.0775
92234,CATHEDRAL CITY,0.0875
92235,CATHEDRAL CITY,0.0875
92236,COACHELLA,0.0875
92239,RIVERSIDE COUNTY,0.0775
92240,DESERT HOT SPRINGS,0.0775
92241,GREATER PALM SPRINGS TOURISM BID,0.0775
92242,SAN BERNARDINO COUNTY,0.0775
92243,EL CENTRO,0.0825
92244,EL CENTRO,0.0825
92247,LA QUINTA,0.0875
92248,LA QUINTA,0.0875
92249,IMPERIAL COUNTY,0.0775
92250,HOLTVILLE,0.0775
92251,IMPERIAL,0.0775
92252,SAN BERNARDINO COUNTY,0.0775
92253,LA QUINTA,0.0875
92254,RIVERSIDE COUNTY,0.0775
92255,PALM DESERT,0.0775
92256,SAN BERNARDINO COUNTY,0.0775
92257,IMPERIAL COUNTY,0.0775
92258,GREATER PALM SPRINGS TOURISM BID,0.0775
92259,IMPERIAL COUNTY,0.0775
92260,PALM DESERT,0.0775
92261,PALM DESERT,0.0775
92262,PALM SPRINGS,0.0925
92263,PALM SPRINGS,0.0925
92264,PALM SPRINGS,0.0925
92266,IMPERIAL COUNTY,0.0775
92267,SAN BERNARDINO COUNTY,0.0775
92268,SAN BERNARDINO COUNTY,0.0775
92270,RANCHO MIRAGE,0.0775
92273,IMPERIAL COUNTY,0.0775
92274,RIVERSIDE COUNTY,0.0775
92275,IMPERIAL COUNTY,0.0775
92276,GREATER PALM SPRINGS TOURISM BID,0.0775
92277,TWENTYNINE PALMS TOURISM BUSINESS IMPROVEMENT DISTRICT,0.0775
92278,SAN BERNARDINO COUNTY,0.0775
92280,SAN BERNARDINO COUNTY,0.0775
92281,WESTMORLAND,0.0775
92282,GREATER PALM SPRINGS TOURISM BID,0.0775
92283,IMPERIAL COUNTY,0.0775
92284,YUCCA VALLEY,0.0875
92285,SAN BERNARDINO COUNTY,0.0775
92286,YUCCA VALLEY,0.0875
92301,ADELANTO,0.0775
92304,SAN BERNARDINO COUNTY,0.0775
92305,SAN BERNARDINO COUNTY,0.0775
92307,APPLE VALLEY,0.0775
92308,APPLE VALLEY,0.0775
92309,SAN BERNARDINO COUNTY,0.0775
92310,SAN BERNARDINO COUNTY,0.0775
92311,BARSTOW,0.0875
92312,BARSTOW,0.0875
92313,SAN BERNARDINO,0.0775
92314,SAN BERNARDINO COUNTY,0.0775
92315,BIG BEAR LAKE TOURISM BUSINESS IMPROVEMENT DISTRICT,0.0775
92316,SAN BERNARDINO COUNTY,0.0775
92317,SAN BERNARDINO COUNTY,0.0775
92318,LOMA LINDA,0.0775
92320,CALIMESA,0.0775
92321,SAN BERNARDINO COUNTY,0.0775
92322,SAN BERNARDINO COUNTY,0.0775
92323,SAN BERNARDINO COUNTY,0.0775
92324,COLTON,0.0775
92325,SAN BERNARDINO COUNTY,0.0775
92327,SAN BERNARDINO COUNTY,0.0775
92328,INYO COUNTY,0.0775
92329,SAN BERNARDINO COUNTY,0.0775
92331,FONTANA,0.0775
92332,SAN BERNARDINO COUNTY,0.0775
92333,SAN BERNARDINO COUNTY,0.0775
92334,FONTANA,0.0775
92335,FONTANA,0.0775
92336,FONTANA,0.0775
92337,FONTANA,0.0775
92338,SAN BERNARDINO COUNTY,0.0775
92339,SAN BERNARDINO COUNTY,0.0775
92340,"HESPERIA, CA",0.0775
92341,SAN BERNARDINO COUNTY,0.0775
92342,SAN BERNARDINO COUNTY,0.0775
92344,SAN BERNARDINO COUNTY,0.0775
92345,"HESPERIA, CA",0.0775
92346,HIGHLAND,0.0775
92347,SAN BERNARDINO COUNTY,0.0775
92350,LOMA LINDA,0.0775
92352,SAN BERNARDINO COUNTY,0.0775
92354,LOMA LINDA,0.0775
92356,SAN BERNARDINO COUNTY,0.0775
92357,LOMA LINDA,0.0775
92358,SAN BERNARDINO COUNTY,0.0775
92359,SAN BERNARDINO COUNTY,0.0775
92363,NEEDLES,0.0775
92364,SAN BERNARDINO COUNTY,0.0775
92365,SAN BERNARDINO COUNTY,0.0775
92366,SAN BERNARDINO COUNTY,0.0775
92368,SAN BERNARDINO COUNTY,0.0775
92369,SAN BERNARDINO,0.0875
92371,SAN BERNARDINO COUNTY,0.0775
92372,SAN BERNARDINO COUNTY,0.0775
92373,REDLANDS,0.0875
92374,REDLANDS,0.0875
92375,REDLANDS,0.0875
92376,RIALTO,0.0775
92377,RIALTO,0.0775
92378,SAN BERNARDINO COUNTY,0.0775
92382,SAN BERNARDINO COUNTY,0.0775
92384,INYO COUNTY,0.0775
92385,SAN BERNARDINO COUNTY,0.0775
92386,SAN BERNARDINO COUNTY,0.0775
92389,INYO COUNTY,0.0775
92391,SAN BERNARDINO COUNTY,0.0775
92392,VICTORVILLE,0.0875
92393,VICTORVILLE,0.0875
92394,VICTORVILLE,0.0875
92395,VICTORVILLE,0.0875
92397,SAN BERNARDINO COUNTY,0.0775
92398,SAN BERNARDINO COUNTY,0.0775
92399,YUCAIPA,0.0775
92401,SAN BERNARDINO,0.0875
92402,SAN BERNARDINO,0.0875
92403,SAN BERNARDINO,0.0875
92404,SAN BERNARDINO,0.0875
92405,SAN BERNARDINO,0.0875
92406,SAN BERNARDINO,0.0875
92407,SAN BERNARDINO,0.0875
92408,SAN BERNARDINO,0.0875
92410,SAN BERNARDINO,0.0875
92411,SAN BERNARDINO,0.0875
92413,SAN BERNARDINO,0.0875
92415,SAN BERNARDINO,0.0875
92418,SAN BERNARDINO,0.0875
92423,REDLANDS,0.0875
92427,SAN BERNARDINO,0.0875
92501,RIVERSIDE,0.0875
92502,RIVERSIDE,0.0875
92503,RIVERSIDE,0.0875
92504,RIVERSIDE,0.0875
92505,RIVERSIDE,0.0875
92506,RIVERSIDE,0.0875
92507,RIVERSIDE,0.0875
92508,RIVERSIDE,0.0875
92509,JURUPA VALLEY,0.0775
92513,RIVERSIDE,0.0875
92514,RIVERSIDE,0.0875
92516,RIVERSIDE,0.0875
92517,RIVERSIDE,0.0875
92518,RIVERSIDE COUNTY,0.0775
92519,JURUPA VALLEY,0.0775
92521,RIVERSIDE,0.0875
92522,RIVERSIDE,0.0875
92530,LAKE ELSINORE,0.0875
92531,LAKE ELSINORE,0.0875
92532,LAKE ELSINORE,0.0875
92536,RIVERSIDE COUNTY,0.0775
92539,RIVERSIDE COUNTY,0.0775
92543,HEMET,0.0875
92544,RIVERSIDE COUNTY,0.0775
92545,HEMET,0.0875
92546,HEMET,0.0875
92548,RIVERSIDE COUNTY,0.0775
92549,RIVERSIDE COUNTY,0.0775
92551,MORENO VALLEY,0.0775
92552,MORENO VALLEY,0.0775
92553,MORENO VALLEY,0.0775
92555,MORENO VALLEY,0.0775
92556,MORENO VALLEY,0.0775
92557,MORENO VALLEY,0.0775
92561,RIVERSIDE COUNTY,0.0775
92562,MURRIETA,0.0875
92563,MURRIETA,0.0875
92564,MURRIETA,0.0875
92567,RIVERSIDE COUNTY,0.0775
92570,RIVERSIDE COUNTY,0.0775
92571,PERRIS,0.0775
92572,PERRIS,0.0775
92581,SAN JACINTO,0.0875
92582,SAN JACINTO,0.0875
92583,SAN JACINTO,0.0875
92584,MENIFEE,0.0875
92585,MENIFEE,0.0875
92586,MENIFEE,0.0875
92587,CANYON LAKE,0.0775
92589,TEMECULA WINE COUNTRY TOURISM MARKETING DISTRICT,0.0875
92590,TEMECULA WINE COUNTRY TOURISM MARKETING DISTRICT,0.0875
92591,TEMECULA WINE COUNTRY TOURISM MARKETING DISTRICT,0.0875
92592,TEMECULA WINE COUNTRY TOURISM MARKETING DISTRICT,0.0875
92593,TEMECULA WINE COUNTRY TOURISM MARKETING DISTRICT,0.0875
92595,WILDOMAR,0.0875
92596,RIVERSIDE COUNTY,0.0775
92599,PERRIS,0.0775
92602,IRVINE,0.0775
92603,IRVINE,0.0775
92604,IRVINE,0.0775
92605,HUNTINGTON BEACH TOURISM BID,0.0775
92606,IRVINE,0.0775
92607,LAGUNA NIGUEL,0.0775
92609,LAKE FOREST,0.0775
92610,LAKE FOREST,0.0775
92612,IRVINE,0.0775
92614,IRVINE,0.0775
92615,HUNTINGTON BEACH TOURISM BID,0.0775
92616,IRVINE,0.0775
92617,IRVINE,0.0775
92618,IRVINE,0.0775
92619,IRVINE,0.0775
92620,IRVINE,0.0775
92623,IRVINE,0.0775
92624,DANA POINT,0.0775
92625,NEWPORT BEACH,0.0775
92626,COSTA MESA,0.0775
92627,COSTA MESA,0.0775
92628,COSTA MESA,0.0775
92629,DANA POINT,0.0775
92630,LAKE FOREST,0.0775
92637,LAGUNA WOODS,0.0775
92646,HUNTINGTON BEACH TOURISM BID,0.0775
92647,HUNTINGTON BEACH TOURISM BID,0.0775
92648,HUNTINGTON BEACH TOURISM BID,0.0775
92649,HUNTINGTON BEACH TOURISM BID,0.0775
92650,IRVINE,0.0775
92651,LAGUNA BEACH,0.0775
92652,LAGUNA BEACH,0.0775
92653,LAGUNA HILLS,0.0775
92654,LAGUNA HILLS,0.0775
92655,ORANGE COUNTY,0.0775
92656,ALISO VIEJO,0.0775
92657,NEWPORT BEACH,0.0775
92658,NEWPORT BEACH,0.0775
92659,NEWPORT BEACH,0.0775
92660,NEWPORT BEACH,0.0775
92661,NEWPORT BEACH,0.0775
92662,NEWPORT BEACH,0.0775
92663,NEWPORT BEACH,0.0775
92672,SAN CLEMENTE,0.0775
92673,SAN CLEMENTE,0.0775
92674,SAN CLEMENTE,0.0775
92675,SAN JUAN CAPISTRANO,0.0775
92676,ORANGE COUNTY,0.0775
92677,LAGUNA NIGUEL,0.0775
92678,ORANGE COUNTY,0.0775
92679,ORANGE COUNTY,0.0775
92683,WESTMINSTER,0.0875
92684,WESTMINSTER,0.0875
92685,WESTMINSTER,0.0875
92688,ORANGE COUNTY DISTRICT TAX SP,0.0775
92690,MISSION VIEJO,0.0775
92691,MISSION VIEJO,0.0775
92692,MISSION VIEJO,0.0775
92693,SAN JUAN CAPISTRANO,0.0775
92694,ORANGE COUNTY,0.0775
92697,IRVINE,0.0775
92698,ALISO VIEJO,0.0775
92701,SANTA ANA,0.0925
92702,SANTA ANA,0.0925
92703,SANTA ANA,0.0925
92704,SANTA ANA,0.0925
92705,SANTA ANA,0.0925
92706,SANTA ANA,0.0925
92707,SANTA ANA,0.0925
92708,FOUNTAIN VALLEY,0.0875
92711,SANTA ANA,0.0925
92712,SANTA ANA,0.0925
92728,FOUNTAIN VALLEY,0.0875
92735,SANTA ANA,0.0925
92780,TUSTIN,0.0775
92781,TUSTIN,0.0775
92782,TUSTIN,0.0775
92799,SANTA ANA,0.0925
92801,ANAHEIM,0.0775
92802,ANAHEIM,0.0775
92803,ANAHEIM,0.0775
92804,ANAHEIM,0.0775
92805,ANAHEIM,0.0775
92806,ANAHEIM,0.0775
92807,ANAHEIM,0.0775
92808,ANAHEIM,0.0775
92809,ANAHEIM,0.0775
92811,FULLERTON,0.0775
92812,ANAHEIM TOURISM IMPROVEMENT DISTRICT,0.0775
92814,ANAHEIM,0.0775
92815,ANAHEIM,0.0775
92816,ANAHEIM,0.0775
92817,ANAHEIM,0.0775
92821,BREA,0.0775
92822,BREA,0.0775
92823,BREA,0.0775
92825,ANAHEIM,0.0775
92831,FULLERTON,0.0775
92832,FULLERTON,0.0775
92833,FULLERTON,0.0775
92834,FULLERTON,0.0775
92835,FULLERTON,0.0775
92836,FULLERTON,0.0775
92837,FULLERTON,0.0775
92838,FULLERTON,0.0775
92840,GARDEN GROVE,0.0875
92841,GARDEN GROVE,0.0875
92842,GARDEN GROVE,0.0875
92843,GARDEN GROVE,0.0875
92844,GARDEN GROVE,0.0875
92845,GARDEN GROVE,0.0875
92846,GARDEN GROVE,0.0875
92856,ORANGE,0.0775
92857,ORANGE,0.0775
92859,ORANGE,0.0775
92860,NORCO,0.0875
92861,ORANGE COUNTY DISTRICT TAX SP,0.0775
92862,ORANGE,0.0775
92863,ORANGE,0.0775
92864,ORANGE,0.0775
92865,ORANGE,0.0775
92866,ORANGE,0.0775
92867,ORANGE,0.0775
92868,ORANGE,0.0775
92869,ORANGE,0.0775
92870,PLACENTIA,0.0875
92871,PLACENTIA,0.0875
92877,CORONA,0.0875
92878,CORONA,0.0875
92879,CORONA,0.0875
92880,EASTVALE,0.0775
92881,CORONA,0.0875
92882,CORONA,0.0875
92883,RIVERSIDE COUNTY,0.0775
92885,YORBA LINDA,0.0775
92886,YORBA LINDA,0.0775
92887,YORBA LINDA,0.0775
92899,ANAHEIM,0.0775
93001,SAN BUENAVENTURA,0.0775
93002,SAN BUENAVENTURA,0.0775
93003,SAN BUENAVENTURA,0.0775
93004,SAN BUENAVENTURA,0.0775
93005,SAN BUENAVENTURA,0.0775
93006,SAN BUENAVENTURA,0.0775
93007,SAN BUENAVENTURA,0.0775
93009,SAN BUENAVENTURA,0.0775
93010,CAMARILLO,0.0725
93011,CAMARILLO,0.0725
93012,CAMARILLO,0.0725
93013,CARPINTERIA,0.09
93014,CARPINTERIA,0.09
93015,FILLMORE,0.0725
93016,FILLMORE,0.0725
93020,MOORPARK,0.0725
93021,MOORPARK,0.0725
93022,OJAI TOURISM IMPROVEMENT DISTRICT,0.0725
93023,OJAI TOURISM IMPROVEMENT DISTRICT,0.0725
93024,OJAI,0.0725
93030,OXNARD,0.0925
93031,OXNARD,0.0925
93032,OXNARD,0.0925
93033,OXNARD,0.0925
93034,OXNARD,0.0925
93035,OXNARD,0.0925
93036,OXNARD,0.0925
93040,VENTURA CO LOCAL TAX SL,0.0725
93041,PORT HUENEME,0.0875
93042,VENTURA CO LOCAL TAX SL,0.0725
93043,PORT HUENEME,0.0875
93044,PORT HUENEME,0.0875
93060,SANTA PAULA,0.0825
93061,SANTA PAULA,0.0825
93062,SIMI VALLEY,0.0725
93063,SIMI VALLEY,0.0725
93064,SIMI VALLEY,0.0725
93065,SIMI VALLEY,0.0725
93066,VENTURA CO LOCAL TAX SL,0.0725
93067,SANTA BARBARA SOUTH COAST TOURISM BUSINESS IMPROVEMENT AREA,0.0775
93094,SIMI VALLEY,0.0725
93099,SIMI VALLEY,0.0725
93101,SANTA BARBARA,0.0875
93102,SANTA BARBARA,0.0875
93103,SANTA BARBARA,0.0875
93105,SANTA BARBARA,0.0875
93106,SANTA BARBARA SOUTH COAST TOURISM BUSINESS IMPROVEMENT AREA,0.0775
93108,SANTA BARBARA SOUTH COAST TOURISM BUSINESS IMPROVEMENT AREA,0.0775
93109,SANTA BARBARA,0.0875
93110,SANTA BARBARA SOUTH COAST TOURISM BUSINESS IMPROVEMENT AREA,0.0775
93111,SANTA BARBARA SOUTH COAST TOURISM BUSINESS IMPROVEMENT AREA,0.0775
93116,GOLETA,0.0775
93117,GOLETA,0.0775
93118,GOLETA,0.0775
93120,SANTA BARBARA,0.0875
93121,SANTA BARBARA,0.0875
93130,SANTA BARBARA,0.0875
93140,SANTA BARBARA,0.0875
93150,SANTA BARBARA SOUTH COAST TOURISM BUSINESS IMPROVEMENT AREA,0.0775
93160,GOLETA,0.0775
93190,SANTA BARBARA,0.0875
93199,GOLETA,0.0775
93201,TULARE COUNTY,0.0775
93202,KINGS COUNTY,0.0725
93203,ARVIN,0.0825
93204,AVENAL,0.0725
93205,KERN COUNTY,0.0725
93206,KERN COUNTY,0.0725
93207,TULARE COUNTY,0.0775
93208,TULARE COUNTY,0.0775
93210,COALINGA,0.08975
93212,CORCORAN,0.0825
93215,DELANO,0.0825
93218,TULARE COUNTY,0.0775
93219,TULARE COUNTY,0.0775
93220,KERN COUNTY,0.0725
93221,EXETER,0.0875
93222,KERN COUNTY,0.0725
93223,FARMERSVILLE,0.0875
93224,KERN COUNTY,0.0725
93225,KERN COUNTY,0.0725
93226,KERN COUNTY,0.0725
93227,TULARE COUNTY,0.0775
93230,HANFORD,0.0725
93232,HANFORD,0.0725
93234,HURON,0.08975
93235,TULARE COUNTY,0.0775
93237,TULARE COUNTY,0.0775
93238,KERN COUNTY,0.0725
93239,KINGS COUNTY,0.0725
93240,KERN COUNTY,0.0725
93241,KERN COUNTY,0.0725
93242,FRESNO COUNTY,0.07975
93243,KERN COUNTY,0.0725
93244,TULARE COUNTY,0.0775
93245,LEMOORE,0.0725
93246,LEMOORE,0.0725
93247,LINDSAY,0.0875
93249,KERN COUNTY,0.0725
93250,MCFARLAND,0.0725
93251,KERN COUNTY,0.0725
93252,MARICOPA,0.0725
93254,SANTA BARBARA COUNTY,0.0775
93255,KERN COUNTY,0.0725
93256,TULARE COUNTY,0.0775
93257,PORTERVILLE,0.0925
93258,PORTERVILLE,0.0925
93260,TULARE COUNTY,0.0775
93261,TULARE COUNTY,0.0775
93262,TULARE COUNTY,0.0775
93263,KERN CO LOCAL TAX SL,0.0725
93265,TULARE COUNTY,0.0775
93266,KINGS COUNTY,0.0725
93267,TULARE COUNTY,0.0775
93268,TAFT,0.0725
93270,TULARE COUNTY,0.0775
93271,TULARE COUNTY,0.0775
93272,TULARE COUNTY,0.0775
93274,TULARE,0.0825
93275,TULARE,0.0825
93276,KERN COUNTY,0.0725
93277,VISALIA,0.085
93278,VISALIA,0.085
93279,VISALIA,0.085
93280,WASCO,0.0825
93282,TULARE COUNTY,0.0775
93283,KERN COUNTY,0.0725
93285,KERN COUNTY,0.0725
93286,TULARE COUNTY DISTRICT TAX SP,0.0875
93287,KERN COUNTY,0.0725
93290,VISALIA,0.085
93291,VISALIA,0.085
93292,VISALIA,0.085
93301,BAKERSFIELD,0.0825
93302,KERN COUNTY,0.0725
93303,KERN COUNTY,0.0725
93304,BAKERSFIELD,0.0825
93305,BAKERSFIELD,0.0825
93306,BAKERSFIELD,0.0825
93307,BAKERSFIELD,0.0825
93308,KERN COUNTY,0.0725
93309,BAKERSFIELD,0.0825
93311,BAKERSFIELD,0.0825
93312,BAKERSFIELD,0.0825
93313,BAKERSFIELD,0.0825
93314,KERN COUNTY,0.0725
93380,KERN COUNTY,0.0725
93384,BAKERSFIELD,0.0825
93385,BAKERSFIELD,0.0825
93386,KERN COUNTY,0.0725
93387,BAKERSFIELD,0.0825
93388,KERN COUNTY,0.0725
93389,BAKERSFIELD,0.0825
93390,BAKERSFIELD,0.0825
93401,SAN LUIS OBISPO CITY TOURISM BUSINESS IMPROVEMENT DISTRICT,0.0875
93402,SAN LUIS OBISPO COUNTY TOURISM BUSINESS IMPROVEMENT DISTRICT,0.0725
93403,SAN LUIS OBISPO CITY TOURISM BUSINESS IMPROVEMENT DISTRICT,0.0875
93405,SAN LUIS OBISPO CITY TOURISM BUSINESS IMPROVEMENT DISTRICT,0.0875
93406,SAN LUIS OBISPO CITY TOURISM BUSINESS IMPROVEMENT DISTRICT,0.0875
93407,SAN LUIS OBISPO COUNTY TOURISM BUSINESS IMPROVEMENT DISTRICT,0.0725
93408,SAN LUIS OBISPO CITY TOURISM BUSINESS IMPROVEMENT DISTRICT,0.0875
93409,SAN LUIS OBISPO CITY TOURISM BUSINESS IMPROVEMENT DISTRICT,0.0875
93410,SAN LUIS OBISPO COUNTY TOURISM BUSINESS IMPROVEMENT DISTRICT,0.0725
93412,SAN LUIS OBISPO COUNTY TOURISM BUSINESS IMPROVEMENT DISTRICT,0.0725
93420,ARROYO GRANDE TOURISM BUSINESS IMPROVEMENT DISTRICT,0.0775
93421,SAN LUIS OBISPO COUNTY TOURISM BUSINESS IMPROVEMENT DISTRICT,0.0725
93422,ATASCADERO TOURISM BUSINESS IMPROVEMENT DISTRICT,0.0875
93423,ATASCADERO TOURISM BUSINESS IMPROVEMENT DISTRICT,0.0875
93424,SAN LUIS OBISPO COUNTY TOURISM BUSINESS IMPROVEMENT DISTRICT,0.0725
93426,MONTEREY COUNTY TOURISM IMPROVEMENT DISTRICT,0.0775
93427,BUELLTON,0.0775
93428,SAN LUIS OBISPO COUNTY TOURISM BUSINESS IMPROVEMENT DISTRICT,0.0725
93429,SANTA BARBARA COUNTY,0.0775
93430,SAN LUIS OBISPO COUNTY TOURISM BUSINESS IMPROVEMENT DISTRICT,0.0725
93432,SAN LUIS OBISPO CO LOCAL TAX SL,0.0725
93433,GROVER BEACH,0.0875
93434,GUADALUPE,0.0875
93435,SAN LUIS OBISPO COUNTY TOURISM BUSINESS IMPROVEMENT DISTRICT,0.0725
93436,LOMPOC TOURISM IMPROVEMENT DISTRICT,0.0875
93437,SANTA BARBARA COUNTY,0.0775
93438,LOMPOC TOURISM IMPROVEMENT DISTRICT,0.0875
93440,SANTA BARBARA COUNTY DISTRICT TAX SP,0.0775
93441,SANTA BARBARA COUNTY DISTRICT TAX SP,0.0775
93442,MORRO BAY TOURISM BUSINESS IMPROVEMENT DISTRICT,0.0875
93443,MORRO BAY TOURISM BUSINESS IMPROVEMENT DISTRICT,0.0875
93444,SAN LUIS OBISPO COUNTY TOURISM BUSINESS IMPROVEMENT DISTRICT,0.0725
93445,SAN LUIS OBISPO COUNTY TOURISM BUSINESS IMPROVEMENT DISTRICT,0.0725
93446,PASO ROBLES TOURISM BUSINESS IMPROVEMENT DISTRICT,0.0875
93447,PASO ROBLES TOURISM BUSINESS IMPROVEMENT DISTRICT,0.0875
93448,PISMO BEACH LODGING BUSINESS IMPROVEMENT DISTRICT,0.0775
93449,PISMO BEACH LODGING BUSINESS IMPROVEMENT DISTRICT,0.0775
93450,MONTEREY COUNTY TOURISM IMPROVEMENT DISTRICT,0.0775
93451,SAN LUIS OBISPO CO LOCAL TAX SL,0.0725
93452,SAN LUIS OBISPO COUNTY TOURISM BUSINESS IMPROVEMENT DISTRICT,0.0725
93453,SAN LUIS OBISPO CO LOCAL TAX SL,0.0725
93454,SANTA MARIA,0.0875
93455,SANTA BARBARA COUNTY,0.0775
93456,SANTA MARIA,0.0875
93457,SANTA BARBARA COUNTY,0.0775
93458,SANTA MARIA,0.0875
93460,SANTA BARBARA COUNTY DISTRICT TAX SP,0.0775
93461,SAN LUIS OBISPO CO LOCAL TAX SL,0.0725
93463,SOLVANG,0.0775
93464,SOLVANG,0.0775
93465,SAN LUIS OBISPO CO LOCAL TAX SL,0.0725
93475,SAN LUIS OBISPO COUNTY TOURISM BUSINESS IMPROVEMENT DISTRICT,0.0725
93483,GROVER BEACH,0.0875
93501,KERN COUNTY,0.0725
93502,KERN COUNTY,0.0725
93504,CALIFORNIA CITY,0.0725
93505,CALIFORNIA CITY,0.0725
93510,LOS ANGELES COUNTY,0.095
93512,MONO COUNTY,0.0725
93513,INYO COUNTY,0.0775
93514,BISHOP TOURISM IMPROVEMENT DISTRICT,0.0875
93515,BISHOP TOURISM IMPROVEMENT DISTRICT,0.0875
93516,KERN COUNTY,0.0725
93517,MONO COUNTY,0.0725
93518,KERN COUNTY,0.0725
93522,INYO COUNTY,0.0775
93523,KERN COUNTY,0.0725
93524,KERN COUNTY,0.0725
93526,INYO COUNTY,0.0775
93527,KERN COUNTY,0.0725
93528,KERN COUNTY,0.0725
93529,MONO COUNTY,0.0725
93530,INYO COUNTY,0.0775
93531,KERN COUNTY,0.0725
93532,LOS ANGELES COUNTY,0.095
93534,LANCASTER TOURISM BUSINESS IMPROVEMENT DISTRICT,0.1025
93535,LANCASTER TOURISM BUSINESS IMPROVEMENT DISTRICT,0.1025
93536,LANCASTER TOURISM BUSINESS IMPROVEMENT DISTRICT,0.1025
93539,LANCASTER TOURISM BUSINESS IMPROVEMENT DISTRICT,0.1025
93541,MONO COUNTY,0.0725
93543,LOS ANGELES COUNTY,0.095
93544,LOS ANGELES COUNTY,0.095
93545,INYO COUNTY,0.0775
93546,MAMMOTH LAKES TOURISM BUSINESS IMPROVEMENT DISTRICT,0.0775
93549,INYO COUNTY,0.0775
93550,PALMDALE,0.1025
93551,PALMDALE,0.1025
93552,PALMDALE,0.1025
93553,LOS ANGELES COUNTY,0.095
93554,KERN COUNTY,0.0725
93555,RIDGECREST,0.0825
93556,RIDGECREST,0.0825
93560,KERN COUNTY,0.0725
93561,KERN COUNTY,0.0725
93562,SAN BERNARDINO COUNTY,0.0775
93563,LOS ANGELES COUNTY,0.095
93581,TEHACHAPI,0.0725
93584,LANCASTER TOURISM BUSINESS IMPROVEMENT DISTRICT,0.1025
93586,LOS ANGELES COUNTY,0.095
93590,PALMDALE,0.1025
93591,LOS ANGELES COUNTY,0.095
93592,SAN BERNARDINO COUNTY,0.0775
93599,PALMDALE,0.1025
93601,MADERA COUNTY TOURISM BUSINESS IMPROVEMENT DISTRICT,0.0775
93602,FRESNO COUNTY,0.07975
93603,TULARE COUNTY,0.0775
93604,MADERA COUNTY TOURISM BUSINESS IMPROVEMENT DISTRICT,0.0775
93605,FRESNO COUNTY,0.07975
93606,FRESNO COUNTY,0.07975
93608,FRESNO COUNTY,0.07975
93609,FRESNO COUNTY,0.07975
93610,CHOWCHILLA,0.0875
93611,CLOVIS,0.07975
93612,CLOVIS,0.07975
93613,CLOVIS,0.07975
93614,MADERA COUNTY TOURISM BUSINESS IMPROVEMENT DISTRICT,0.0775
93615,TULARE COUNTY,0.0775
93616,FRESNO COUNTY,0.07975
93618,DINUBA,0.085
93619,CLOVIS,0.07975
93620,MERCED,0.0775
93621,FRESNO COUNTY,0.07975
93622,FIREBAUGH,0.07975
93623,MARIPOSA COUNTY DISTRICT TAX SP,0.0775
93624,FRESNO COUNTY,0.07975
93625,FOWLER,0.08975
93626,FRESNO COUNTY,0.07975
93627,FRESNO COUNTY,0.07975
93628,FRESNO COUNTY,0.07975
93630,KERMAN,0.08975
93631,KINGSBURG,0.08975
93633,TULARE COUNTY,0.0775
93634,FRESNO COUNTY,0.07975
93635,LOS BANOS,0.0875
93636,MADERA COUNTY TOURISM BUSINESS IMPROVEMENT DISTRICT,0.0775
93637,MADERA,0.0825
93638,MADERA,0.0825
93639,MADERA,0.0825
93640,MENDOTA,0.07975
93641,FRESNO COUNTY,0.07975
93642,FRESNO COUNTY,0.07975
93643,MADERA COUNTY TOURISM BUSINESS IMPROVEMENT DISTRICT,0.0775
93644,MADERA COUNTY TOURISM BUSINESS IMPROVEMENT DISTRICT,0.0775
93645,MADERA COUNTY TOURISM BUSINESS IMPROVEMENT DISTRICT,0.0775
93646,ORANGE COVE,0.07975
93647,TULARE COUNTY,0.0775
93648,PARLIER,0.08975
93649,FRESNO COUNTY,0.07975
93650,FRESNO,0.0835
93651,FRESNO COUNTY,0.07975
93652,FRESNO COUNTY,0.07975
93653,MADERA COUNTY TOURISM BUSINESS IMPROVEMENT DISTRICT,0.0775
93654,REEDLEY,0.09225
93656,FRESNO COUNTY,0.07975
93657,SANGER,0.08725
93660,FRESNO COUNTY,0.07975
93661,MERCED COUNTY,0.0775
93662,SELMA,0.08475
93664,FRESNO COUNTY,0.07975
93665,MERCED COUNTY,0.0775
93666,TULARE COUNTY,0.0775
93667,FRESNO COUNTY,0.07975
93668,FRESNO COUNTY,0.07975
93669,MADERA COUNTY TOURISM BUSINESS IMPROVEMENT DISTRICT,0.0775
93670,TULARE COUNTY,0.0775
93673,TULARE COUNTY,0.0775
93675,FRESNO COUNTY,0.07975
93701,FRESNO,0.0835
93702,FRESNO,0.0835
93703,FRESNO,0.0835
93704,FRESNO,0.0835
93705,FRESNO,0.0835
93706,FRESNO,0.0835
93707,FRESNO,0.0835
93708,FRESNO,0.0835
93709,FRESNO,0.0835
93710,FRESNO,0.0835
93711,FRESNO,0.0835
93712,FRESNO,0.0835
93714,FRESNO,0.0835
93715,FRESNO,0.0835
93716,FRESNO,0.0835
93717,FRESNO,0.0835
93718,FRESNO,0.0835
93720,FRESNO,0.0835
93721,FRESNO,0.0835
93722,FRESNO,0.0835
93723,FRESNO COUNTY,0.07975
93724,FRESNO,0.0835
93725,FRESNO COUNTY,0.07975
93726,FRESNO,0.0835
93727,FRESNO,0.0835
93728,FRESNO,0.0835
93729,FRESNO,0.0835
93730,FRESNO,0.0835
93737,FRESNO COUNTY,0.07975
93740,FRESNO,0.0835
93741,FRESNO,0.0835
93744,FRESNO,0.0835
93745,FRESNO COUNTY,0.07975
93747,FRESNO,0.0835
93750,FRESNO,0.0835
93755,FRESNO,0.0835
93760,FRESNO,0.0835
93761,FRESNO,0.0835
93764,FRESNO,0.0835
93765,FRESNO,0.0835
93771,FRESNO,0.0835
93772,FRESNO,0.0835
93773,FRESNO,0.0835
93774,FRESNO,0.0835
93775,FRESNO,0.0835
93776,FRESNO,0.0835
93777,FRESNO,0.0835
93778,FRESNO,0.0835
93779,FRESNO,0.0835
93786,FRESNO,0.0835
93790,FRESNO,0.0835
93791,FRESNO,0.0835
93792,FRESNO,0.0835
93793,FRESNO,0.0835
93794,FRESNO,0.0835
93844,FRESNO,0.0835
93888,FRESNO,0.0835
93901,SALINAS,0.0925
93902,SALINAS,0.0925
93905,SALINAS,0.0925
93906,SALINAS,0.0925
93907,MONTEREY COUNTY TOURISM IMPROVEMENT DISTRICT,0.0775
93908,MONTEREY COUNTY TOURISM IMPROVEMENT DISTRICT,0.0775
93912,SALINAS,0.0925
93915,SALINAS,0.0925
93920,MONTEREY COUNTY TOURISM IMPROVEMENT DISTRICT,0.0775
93921,CARMEL BY THE SEA,0.0925
93922,MONTEREY COUNTY TOURISM IMPROVEMENT DISTRICT,0.0775
93923,MONTEREY COUNTY TOURISM IMPROVEMENT DISTRICT,0.0775
93924,MONTEREY COUNTY TOURISM IMPROVEMENT DISTRICT,0.0775
93925,MONTEREY COUNTY TOURISM IMPROVEMENT DISTRICT,0.0775
93926,GONZALES,0.0875
93927,GREENFIELD,0.095
93928,MONTEREY COUNTY TOURISM IMPROVEMENT DISTRICT,0.0775
93930,KING CITY,0.0875
93932,MONTEREY COUNTY TOURISM IMPROVEMENT DISTRICT,0.0775
93933,MARINA,0.0925
93940,MONTEREY CONFERENCE CENTER FACILITIES DISTRICT,0.0925
93942,MONTEREY CONFERENCE CENTER FACILITIES DISTRICT,0.0925
93943,MONTEREY CONFERENCE CENTER FACILITIES DISTRICT,0.0925
93944,MONTEREY CONFERENCE CENTER FACILITIES DISTRICT,0.0925
93950,PACIFIC GROVE,0.0875
93953,MONTEREY COUNTY TOURISM IMPROVEMENT DISTRICT,0.0775
93954,MONTEREY COUNTY TOURISM IMPROVEMENT DISTRICT,0.0775
93955,SEASIDE,0.0925
93960,SOLEDAD,0.0925
93962,MONTEREY COUNTY TOURISM IMPROVEMENT DISTRICT,0.0775
94002,BELMONT,0.09875
94005,BRISBANE,0.09375
94010,SAN MATEO COUNTY DISTRICT TAX SP,0.09625
94011,SAN MATEO COUNTY DISTRICT TAX SP,0.09625
94014,DALY CITY,0.09875
94015,DALY CITY,0.09875
94017,DALY CITY,0.09875
94018,SAN MATEO COUNTY,0.09375
94019,HALF MOON BAY,0.09375
94020,SAN MATEO COUNTY,0.09375
94021,SAN MATEO COUNTY,0.09375
94022,LOS ALTOS,0.09125
94023,LOS ALTOS,0.09125
94024,LOS ALTOS,0.09125
94025,MENLO PARK,0.09375
94026,MENLO PARK,0.09375
94027,SAN MATEO,0.09375
94028,SAN MATEO,0.09375
94030,MILLBRAE,0.09375
94035,SANTA CLARA COUNTY,0.09125
94037,SAN MATEO COUNTY,0.09375
94038,SAN MATEO COUNTY,0.09375
94039,MOUNTAIN VIEW,0.09125
94040,MOUNTAIN VIEW,0.09125
94041,MOUNTAIN VIEW,0.09125
94042,MOUNTAIN VIEW,0.09125
94043,MOUNTAIN VIEW,0.09125
94044,PACIFICA,0.09375
94060,SAN MATEO COUNTY,0.09375
94061,REDWOOD CITY,0.09875
94062,REDWOOD CITY,0.09875
94063,REDWOOD CITY,0.09875
94064,REDWOOD CITY,0.09875
94065,REDWOOD CITY,0.09875
94066,SAN BRUNO,0.09875
94070,SAN CARLOS,0.09375
94074,SAN MATEO COUNTY,0.09375
94080,SOUTH SAN FRANCISCO,0.09875
94083,SOUTH SAN FRANCISCO,0.09875
94085,SUNNYVALE,0.09125
94086,SUNNYVALE,0.09125
94087,SUNNYVALE,0.09125
94088,SUNNYVALE,0.09125
94089,SUNNYVALE,0.09125
94102,SAN FRANCISCO TOURISM IMPROVEMENT DISTRICT,0.08625
94103,SAN FRANCISCO TOURISM IMPROVEMENT DISTRICT,0.08625
94104,SAN FRANCISCO TOURISM IMPROVEMENT DISTRICT,0.08625
94105,SAN FRANCISCO TOURISM IMPROVEMENT DISTRICT,0.08625
94107,SAN FRANCISCO TOURISM IMPROVEMENT DISTRICT,0.08625
94108,SAN FRANCISCO TOURISM IMPROVEMENT DISTRICT,0.08625
94109,SAN FRANCISCO TOURISM IMPROVEMENT DISTRICT,0.08625
94110,SAN FRANCISCO TOURISM IMPROVEMENT DISTRICT (ZONE 2),0.08625
94111,SAN FRANCISCO TOURISM IMPROVEMENT DISTRICT,0.08625
94112,SAN FRANCISCO TOURISM IMPROVEMENT DISTRICT (ZONE 2),0.08625
94114,SAN FRANCISCO TOURISM IMPROVEMENT DISTRICT (ZONE 2),0.08625
94115,SAN FRANCISCO TOURISM IMPROVEMENT DISTRICT (ZONE 2),0.08625
94116,SAN FRANCISCO TOURISM IMPROVEMENT DISTRICT (ZONE 2),0.08625
94117,SAN FRANCISCO TOURISM IMPROVEMENT DISTRICT (ZONE 2),0.08625
94118,SAN FRANCISCO TOURISM IMPROVEMENT DISTRICT (ZONE 2),0.08625
94119,SAN FRANCISCO TOURISM IMPROVEMENT DISTRICT,0.08625
94121,SAN FRANCISCO TOURISM IMPROVEMENT DISTRICT (ZONE 2),0.08625
94122,SAN FRANCISCO TOURISM IMPROVEMENT DISTRICT (ZONE 2),0.08625
94123,SAN FRANCISCO TOURISM IMPROVEMENT DISTRICT (ZONE 2),0.08625
94124,SAN FRANCISCO TOURISM IMPROVEMENT DISTRICT (ZONE 2),0.08625
94125,SAN FRANCISCO TOURISM IMPROVEMENT DISTRICT,0.08625
94126,SAN FRANCISCO TOURISM IMPROVEMENT DISTRICT,0.08625
94127,SAN FRANCISCO TOURISM IMPROVEMENT DISTRICT (ZONE 2),0.08625
94128,SAN MATEO CO LOCAL TAX SL,0.09375
94129,SAN FRANCISCO TOURISM IMPROVEMENT DISTRICT (ZONE 2),0.08625
94130,MOSCONE EXPANSION DISTRICT ZONE 1,0.08625
94131,SAN FRANCISCO TOURISM IMPROVEMENT DISTRICT (ZONE 2),0.08625
94132,SAN FRANCISCO TOURISM IMPROVEMENT DISTRICT (ZONE 2),0.08625
94133,SAN FRANCISCO TOURISM IMPROVEMENT DISTRICT,0.08625
94134,SAN FRANCISCO TOURISM IMPROVEMENT DISTRICT (ZONE 2),0.08625
94140,SAN FRANCISCO TOURISM IMPROVEMENT DISTRICT,0.08625
94141,SAN FRANCISCO TOURISM IMPROVEMENT DISTRICT,0.08625
94143,SAN FRANCISCO TOURISM IMPROVEMENT DISTRICT (ZONE 2),0.08625
94146,SAN FRANCISCO TOURISM IMPROVEMENT DISTRICT (ZONE 2),0.08625
94147,SAN FRANCISCO TOURISM IMPROVEMENT DISTRICT (ZONE 2),0.08625
94158,SAN FRANCISCO TOURISM IMPROVEMENT DISTRICT,0.08625
94159,SAN FRANCISCO TOURISM IMPROVEMENT DISTRICT (ZONE 2),0.08625
94164,SAN FRANCISCO TOURISM IMPROVEMENT DISTRICT,0.08625
94188,SAN FRANCISCO TOURISM IMPROVEMENT DISTRICT (ZONE 2),0.08625
94207,SACRAMENTO TMD ZONE 1,0.0875
94208,SACRAMENTO TMD ZONE 1,0.0875
94211,SACRAMENTO TMD ZONE 1,0.0875
94234,SACRAMENTO TMD ZONE 1,0.0875
94245,SACRAMENTO TMD ZONE 1,0.0875
94282,SACRAMENTO TMD ZONE 4,0.0775
94291,SACRAMENTO,0.0875
94299,SACRAMENTO TMD ZONE 1,0.0875
94301,PALO ALTO,0.09125
94302,PALO ALTO,0.09125
94303,PALO ALTO,0.09125
94304,PALO ALTO,0.09125
94305,SANTA CLARA COUNTY,0.09125
94306,PALO ALTO,0.09125
94309,PALO ALTO,0.09125
94401,SAN MATEO,0.09625
94402,SAN MATEO,0.09625
94403,SAN MATEO,0.09625
94404,FOSTER CITY,0.09375
94497,SAN MATEO,0.09625
94501,ALAMEDA,0.1075
94502,ALAMEDA,0.1075
94503,AMERICAN CANYON,0.0775
94505,CONTRA COSTA COUNTY,0.0875
94506,TRI VALLEY TOURISM MARKETING DISTRICT,0.0875
94507,TRI VALLEY TOURISM MARKETING DISTRICT,0.0875
94508,NAPA CO LOCAL TAX SL,0.0775
94509,ANTIOCH,0.0975
94510,BENICIA,0.08375
94511,CONTRA COSTA COUNTY,0.0875
94512,SOLANO COUNTY,0.07375
94513,BRENTWOOD,0.0875
94514,CONTRA COSTA COUNTY,0.0875
94515,CALISTOGA,0.0775
94516,CONTRA COSTA COUNTY,0.0875
94517,CLAYTON,0.0875
94518,CONCORD,0.0975
94519,CONCORD,0.0975
94520,CONCORD,0.0975
94521,CONCORD,0.0975
94522,CONCORD,0.0975
94523,PLEASANT HILL,0.0925
94524,CONCORD,0.0975
94525,CONTRA COSTA COUNTY,0.0875
94526,DANVILLE,0.0875
94528,CONTRA COSTA COUNTY,0.0875
94530,EL CERRITO,0.1025
94531,ANTIOCH,0.0975
94533,FAIRFIELD,0.08375
94534,FAIRFIELD,0.08375
94535,FAIRFIELD,0.08375
94536,FREMONT,0.1025
94537,FREMONT,0.1025
94538,FREMONT,0.1025
94539,FREMONT,0.1025
94540,HAYWARD,0.1075
94541,HAYWARD,0.1075
94542,HAYWARD,0.1075
94543,HAYWARD,0.1075
94544,HAYWARD,0.1075
94545,HAYWARD,0.1075
94546,ALAMEDA COUNTY,0.1025
94547,HERCULES,0.0925
94548,CONTRA COSTA COUNTY,0.0875
94549,LAFAYETTE,0.0875
94550,LIVERMORE,0.1025
94551,LIVERMORE,0.1025
94552,ALAMEDA COUNTY,0.1025
94553,MARTINEZ,0.0975
94555,FREMONT,0.1025
94556,MORAGA,0.0975
94557,HAYWARD,0.1075
94558,NAPA,0.0775
94559,NAPA,0.0775
94560,NEWARK,0.1075
94561,OAKLEY,0.0875
94562,NAPA CO LOCAL TAX SL,0.0775
94563,ORINDA,0.0975
94564,PINOLE,0.0975
94565,PITTSBURG,0.0925
94566,PLEASANTON,0.1025
94567,NAPA CO LOCAL TAX SL,0.0775
94568,DUBLIN,0.1025
94569,CONTRA COSTA COUNTY,0.0875
94570,MORAGA,0.0975
94571,RIO VISTA,0.08125
94572,CONTRA COSTA COUNTY,0.0875
94573,NAPA CO LOCAL TAX SL,0.0775
94574,SAINT HELENA,0.0825
94575,MORAGA,0.0975
94576,NAPA CO LOCAL TAX SL,0.0775
94577,SAN LEANDRO,0.1075
94578,SAN LEANDRO,0.1075
94579,SAN LEANDRO,0.1075
94580,ALAMEDA COUNTY,0.1025
94581,NAPA,0.0775
94582,SAN RAMON,0.0875
94583,SAN RAMON,0.0875
94585,SUISUN CITY,0.08375
94586,TRI VALLEY TOURISM MARKETING DISTRICT,0.1025
94587,UNION CITY,0.1075
94588,PLEASANTON,0.1025
94589,VALLEJO HOTEL BUSINESS IMPROVEMENT DISTRICT,0.08375
94590,VALLEJO HOTEL BUSINESS IMPROVEMENT DISTRICT,0.08375
94591,VALLEJO HOTEL BUSINESS IMPROVEMENT DISTRICT,0.08375
94592,VALLEJO HOTEL BUSINESS IMPROVEMENT DISTRICT,0.08375
94595,WALNUT CREEK,0.0875
94596,WALNUT CREEK,0.0875
94597,WALNUT CREEK,0.0875
94598,WALNUT CREEK,0.0875
94599,YOUNTVILLE,0.0775
94601,OAKLAND,0.1025
94602,OAKLAND,0.1025
94603,OAKLAND,0.1025
94604,OAKLAND,0.1025
94605,OAKLAND,0.1025
94606,OAKLAND,0.1025
94607,OAKLAND,0.1025
94608,EMERYVILLE,0.105
94609,OAKLAND,0.1025
94610,OAKLAND,0.1025
94611,OAKLAND,0.1025
94612,OAKLAND,0.1025
94613,OAKLAND,0.1025
94614,OAKLAND,0.1025
94615,OAKLAND,0.1025
94618,OAKLAND,0.1025
94619,OAKLAND,0.1025
94620,OAKLAND,0.1025
94621,OAKLAND,0.1025
94622,OAKLAND,0.1025
94623,OAKLAND,0.1025
94624,OAKLAND,0.1025
94661,OAKLAND,0.1025
94662,EMERYVILLE,0.105
94666,OAKLAND,0.1025
94701,BERKELEY TOURISM BUSINESS IMPROVEMENT DISTRICT,0.1025
94702,BERKELEY TOURISM BUSINESS IMPROVEMENT DISTRICT,0.1025
94703,BERKELEY TOURISM BUSINESS IMPROVEMENT DISTRICT,0.1025
94704,BERKELEY TOURISM BUSINESS IMPROVEMENT DISTRICT,0.1025
94705,BERKELEY TOURISM BUSINESS IMPROVEMENT DISTRICT,0.1025
94706,ALBANY,0.1075
94707,BERKELEY TOURISM BUSINESS IMPROVEMENT DISTRICT,0.1025
94708,BERKELEY TOURISM BUSINESS IMPROVEMENT DISTRICT,0.1025
94709,BERKELEY TOURISM BUSINESS IMPROVEMENT DISTRICT,0.1025
94710,BERKELEY TOURISM BUSINESS IMPROVEMENT DISTRICT,0.1025
94712,BERKELEY TOURISM BUSINESS IMPROVEMENT DISTRICT,0.1025
94720,BERKELEY TOURISM BUSINESS IMPROVEMENT DISTRICT,0.1025
94801,RICHMOND,0.0975
94802,RICHMOND,0.0975
94803,CONTRA COSTA COUNTY,0.0875
94804,RICHMOND,0.0975
94805,RICHMOND,0.0975
94806,SAN PABLO,0.0925
94807,RICHMOND,0.0975
94820,CONTRA COSTA COUNTY,0.0875
94850,RICHMOND,0.0975
94901,SAN RAFAEL,0.0925
94903,SAN RAFAEL,0.0925
94904,LARKSPUR,0.09
94912,SAN RAFAEL,0.0925
94913,MARIN COUNTY TOURISM BUSINESS IMPROVEMENT DISTRICT,0.0825
94914,MARIN COUNTY TOURISM BUSINESS IMPROVEMENT DISTRICT,0.0825
94915,SAN RAFAEL,0.0925
94920,TIBURON,0.0825
94922,SONOMA COUNTY TOURISM BUSINESS IMPROVEMENT AREA,0.085
94923,SONOMA COUNTY TOURISM BUSINESS IMPROVEMENT AREA,0.085
94924,MARIN COUNTY TOURISM BUSINESS IMPROVEMENT DISTRICT,0.0825
94925,CORTE MADERA,0.09
94926,COTATI,0.095
94927,ROHNERT PARK,0.09
94928,ROHNERT PARK,0.09
94929,MARIN COUNTY TOURISM BUSINESS IMPROVEMENT DISTRICT,0.0825
94930,FAIRFAX,0.09
94931,COTATI,0.095
94933,MARIN COUNTY TOURISM BUSINESS IMPROVEMENT DISTRICT,0.0825
94937,MARIN COUNTY TOURISM BUSINESS IMPROVEMENT DISTRICT,0.0825
94938,MARIN COUNTY TOURISM BUSINESS IMPROVEMENT DISTRICT,0.0825
94939,LARKSPUR,0.09
94940,MARIN COUNTY TOURISM BUSINESS IMPROVEMENT DISTRICT,0.0825
94941,MILL VALLEY,0.0825
94942,MILL VALLEY,0.0825
94945,NOVATO,0.085
94946,MARIN COUNTY TOURISM BUSINESS IMPROVEMENT DISTRICT,0.0825
94947,NOVATO,0.085
94948,NOVATO,0.085
94949,NOVATO,0.085
94950,MARIN COUNTY TOURISM BUSINESS IMPROVEMENT DISTRICT,0.0825
94951,SONOMA COUNTY TOURISM BUSINESS IMPROVEMENT AREA,0.085
94952,PETALUMA,0.095
94953,PETALUMA,0.095
94954,PETALUMA,0.095
94955,PETALUMA,0.095
94956,MARIN COUNTY TOURISM BUSINESS IMPROVEMENT DISTRICT,0.0825
94957,MARIN COUNTY TOURISM BUSINESS IMPROVEMENT DISTRICT,0.0825
94960,SAN ANSELMO,0.0875
94963,MARIN COUNTY TOURISM BUSINESS IMPROVEMENT DISTRICT,0.0825
94964,MARIN COUNTY TOURISM BUSINESS IMPROVEMENT DISTRICT,0.0825
94965,SAUSALITO,0.0875
94966,SAUSALITO,0.0875
94970,MARIN COUNTY TOURISM BUSINESS IMPROVEMENT DISTRICT,0.0825
94971,MARIN COUNTY TOURISM BUSINESS IMPROVEMENT DISTRICT,0.0825
94972,SONOMA COUNTY TOURISM BUSINESS IMPROVEMENT AREA,0.085
94973,MARIN COUNTY TOURISM BUSINESS IMPROVEMENT DISTRICT,0.0825
94974,MARIN COUNTY TOURISM BUSINESS IMPROVEMENT DISTRICT,0.0825
94975,PETALUMA,0.095
94976,CORTE MADERA,0.09
94977,LARKSPUR,0.09
94978,FAIRFAX,0.09
94979,SAN ANSELMO,0.0875
94998,NOVATO,0.085
94999,PETALUMA,0.095
95001,SANTA CRUZ COUNTY TOURISM MARKETING DISTRICT,0.09
95002,SAN JOSE CONVENTION CENTER FACILITY DISTRICT ZONE 2,0.09375
95003,SANTA CRUZ COUNTY TOURISM MARKETING DISTRICT,0.09
95004,MONTEREY COUNTY TOURISM IMPROVEMENT DISTRICT,0.0775
95005,SANTA CRUZ COUNTY TOURISM MARKETING DISTRICT,0.09
95006,SANTA CRUZ COUNTY TOURISM MARKETING DISTRICT,0.09
95007,SANTA CRUZ COUNTY TOURISM MARKETING DISTRICT,0.09
95008,CAMPBELL,0.09375
95009,CAMPBELL,0.09375
95010,CAPITOLA,0.09
95011,CAMPBELL,0.09375
95012,MONTEREY COUNTY TOURISM IMPROVEMENT DISTRICT,0.0775
95013,SAN JOSE CONVENTION CENTER FACILITY DISTRICT ZONE 2,0.09375
95014,CUPERTINO,0.09125
95015,CUPERTINO,0.09125
95017,SANTA CRUZ COUNTY TOURISM MARKETING DISTRICT,0.09
95018,SANTA CRUZ COUNTY TOURISM MARKETING DISTRICT,0.09
95019,WATSONVILLE,0.0925
95020,GILROY TOURISM BUSINESS IMPROVEMENT DISTRICT,0.09125
95021,GILROY TOURISM BUSINESS IMPROVEMENT DISTRICT,0.09125
95023,HOLLISTER,0.0925
95024,HOLLISTER,0.0925
95026,SANTA CLARA COUNTY,0.09125
95030,LOS GATOS,0.0925
95031,LOS GATOS,0.0925
95032,LOS GATOS,0.0925
95033,SANTA CRUZ COUNTY TOURISM MARKETING DISTRICT,0.09
95035,MILPITAS,0.09375
95036,MILPITAS,0.09375
95037,MORGAN HILL TBID,0.09125
95038,MORGAN HILL TBID,0.09125
95039,MONTEREY COUNTY TOURISM IMPROVEMENT DISTRICT,0.0775
95041,SANTA CRUZ COUNTY TOURISM MARKETING DISTRICT,0.09
95043,SAN BENITO COUNTY DISTRICT TAX SP,0.0825
95044,SANTA CLARA COUNTY,0.09125
95045,SAN BENITO COUNTY DISTRICT TAX SP,0.0825
95046,SANTA CLARA COUNTY,0.09125
95050,SANTA CLARA,0.09125
95051,SANTA CLARA,0.09125
95052,SANTA CLARA,0.09125
95053,SANTA CLARA,0.09125
95054,SANTA CLARA COMMUNITY FACILITIES DISTRICT STJ,0.09125
95055,SANTA CLARA,0.09125
95056,SANTA CLARA COMMUNITY FACILITIES DISTRICT STJ,0.09125
95060,SANTA CRUZ,0.0925
95061,SANTA CRUZ,0.0925
95062,SANTA CRUZ COUNTY TOURISM MARKETING DISTRICT,0.09
95063,SANTA CRUZ,0.0925
95064,SANTA CRUZ,0.0925
95065,SANTA CRUZ COUNTY TOURISM MARKETING DISTRICT,0.09
95066,SCOTTS VALLEY,0.0975
95067,SCOTTS VALLEY,0.0975
95070,SARATOGA,0.09125
95071,SARATOGA,0.09125
95073,SANTA CRUZ COUNTY TOURISM MARKETING DISTRICT,0.09
95075,SAN BENITO COUNTY DISTRICT TAX SP,0.0825
95076,WATSONVILLE,0.0925
95077,WATSONVILLE,0.0925
95101,SAN JOSE CONVENTION CENTER FACILITY DISTRICT ZONE 2,0.09375
95103,SAN JOSE HOTEL BUSINESS IMPROVEMENT DISTRICT  (ZONE A),0.09375
95106,SAN JOSE HOTEL BUSINESS IMPROVEMENT DISTRICT  (ZONE A),0.09375
95108,SAN JOSE HOTEL BUSINESS IMPROVEMENT DISTRICT  (ZONE A),0.09375
95109,SAN JOSE HOTEL BUSINESS IMPROVEMENT DISTRICT  (ZONE A),0.09375
95110,SAN JOSE HOTEL BUSINESS IMPROVEMENT DISTRICT  (ZONE A),0.09375
95111,SAN JOSE CONVENTION CENTER FACILITY DISTRICT ZONE 2,0.09375
95112,SAN JOSE CONVENTION CENTER FACILITY DISTRICT ZONE 1,0.09375
95113,SAN JOSE HOTEL BUSINESS IMPROVEMENT DISTRICT  (ZONE A),0.09375
95116,SAN JOSE CONVENTION CENTER FACILITY DISTRICT ZONE 2,0.09375
95117,SAN JOSE CONVENTION CENTER FACILITY DISTRICT ZONE 2,0.09375
95118,SAN JOSE CONVENTION CENTER FACILITY DISTRICT ZONE 2,0.09375
95119,SAN JOSE CONVENTION CENTER FACILITY DISTRICT ZONE 2,0.09375
95120,SAN JOSE CONVENTION CENTER FACILITY DISTRICT ZONE 2,0.09375
95121,SAN JOSE CONVENTION CENTER FACILITY DISTRICT ZONE 2,0.09375
95122,SAN JOSE CONVENTION CENTER FACILITY DISTRICT ZONE 2,0.09375
95123,SAN JOSE CONVENTION CENTER FACILITY DISTRICT ZONE 2,0.09375
95124,SAN JOSE CONVENTION CENTER FACILITY DISTRICT ZONE 2,0.09375
95125,SAN JOSE CONVENTION CENTER FACILITY DISTRICT ZONE 2,0.09375
95126,SAN JOSE CONVENTION CENTER FACILITY DISTRICT ZONE 1,0.09375
95127,SAN JOSE CONVENTION CENTER FACILITY DISTRICT ZONE 2,0.09375
95128,SAN JOSE CONVENTION CENTER FACILITY DISTRICT ZONE 2,0.09375
95129,SAN JOSE CONVENTION CENTER FACILITY DISTRICT ZONE 2,0.09375
95130,SAN JOSE CONVENTION CENTER FACILITY DISTRICT ZONE 2,0.09375
95131,SAN JOSE CONVENTION CENTER FACILITY DISTRICT ZONE 2,0.09375
95132,SAN JOSE CONVENTION CENTER FACILITY DISTRICT ZONE 2,0.09375
95133,SAN JOSE CONVENTION CENTER FACILITY DISTRICT ZONE 2,0.09375
95134,SAN JOSE CONVENTION CENTER FACILITY DISTRICT ZONE 2,0.09375
95135,SAN JOSE CONVENTION CENTER FACILITY DISTRICT ZONE 2,0.09375
95136,SAN JOSE CONVENTION CENTER FACILITY DISTRICT ZONE 2,0.09375
95138,SAN JOSE CONVENTION CENTER FACILITY DISTRICT ZONE 2,0.09375
95139,SAN JOSE CONVENTION CENTER FACILITY DISTRICT ZONE 2,0.09375
95140,SANTA CLARA COUNTY,0.09125
95141,SAN JOSE CONVENTION CENTER FACILITY DISTRICT ZONE 2,0.09375
95148,SAN JOSE CONVENTION CENTER FACILITY DISTRICT ZONE 2,0.09375
95150,SAN JOSE CONVENTION CENTER FACILITY DISTRICT ZONE 2,0.09375
95151,SAN JOSE CONVENTION CENTER FACILITY DISTRICT ZONE 2,0.09375
95152,SAN JOSE CONVENTION CENTER FACILITY DISTRICT ZONE 2,0.09375
95153,SAN JOSE CONVENTION CENTER FACILITY DISTRICT ZONE 2,0.09375
95154,SAN JOSE CONVENTION CENTER FACILITY DISTRICT ZONE 2,0.09375
95155,SAN JOSE CONVENTION CENTER FACILITY DISTRICT ZONE 1,0.09375
95156,SAN JOSE CONVENTION CENTER FACILITY DISTRICT ZONE 2,0.09375
95157,SAN JOSE CONVENTION CENTER FACILITY DISTRICT ZONE 2,0.09375
95158,SAN JOSE CONVENTION CENTER FACILITY DISTRICT ZONE 2,0.09375
95159,SAN JOSE CONVENTION CENTER FACILITY DISTRICT ZONE 1,0.09375
95160,SAN JOSE CONVENTION CENTER FACILITY DISTRICT ZONE 2,0.09375
95161,SAN JOSE CONVENTION CENTER FACILITY DISTRICT ZONE 2,0.09375
95164,SAN JOSE CONVENTION CENTER FACILITY DISTRICT ZONE 2,0.09375
95170,SAN JOSE CONVENTION CENTER FACILITY DISTRICT ZONE 2,0.09375
95172,SAN JOSE HOTEL BUSINESS IMPROVEMENT DISTRICT  (ZONE A),0.09375
95173,SAN JOSE CONVENTION CENTER FACILITY DISTRICT ZONE 2,0.09375
95191,SAN JOSE CONVENTION CENTER FACILITY DISTRICT ZONE 1,0.09375
95192,SAN JOSE HOTEL BUSINESS IMPROVEMENT DISTRICT  (ZONE A),0.09375
95193,SAN JOSE HOTEL BUSINESS IMPROVEMENT DISTRICT  (ZONE A),0.09375
95196,SAN JOSE HOTEL BUSINESS IMPROVEMENT DISTRICT  (ZONE A),0.09375
95201,STOCKTON TOURISM BUSINESS IMPROVEMENT DISTRICT,0.09
95202,STOCKTON TOURISM BUSINESS IMPROVEMENT DISTRICT,0.09
95203,STOCKTON TOURISM BUSINESS IMPROVEMENT DISTRICT,0.09
95204,STOCKTON TOURISM BUSINESS IMPROVEMENT DISTRICT,0.09
95205,STOCKTON TOURISM BUSINESS IMPROVEMENT DISTRICT,0.09
95206,STOCKTON TOURISM BUSINESS IMPROVEMENT DISTRICT,0.09
95207,STOCKTON TOURISM BUSINESS IMPROVEMENT DISTRICT,0.09
95208,STOCKTON TOURISM BUSINESS IMPROVEMENT DISTRICT,0.09
95209,STOCKTON TOURISM BUSINESS IMPROVEMENT DISTRICT,0.09
95210,STOCKTON TOURISM BUSINESS IMPROVEMENT DISTRICT,0.09
95211,STOCKTON TOURISM BUSINESS IMPROVEMENT DISTRICT,0.09
95212,SAN JOAQUIN COUNTY,0.0775
95213,STOCKTON TOURISM BUSINESS IMPROVEMENT DISTRICT,0.09
95215,SAN JOAQUIN COUNTY,0.0775
95219,STOCKTON TOURISM BUSINESS IMPROVEMENT DISTRICT,0.09
95220,SAN JOAQUIN COUNTY,0.0775
95221,ANGELS CAMP,0.0775
95222,ANGELS CAMP,0.0775
95223,CALAVERAS COUNTY,0.0725
95224,CALAVERAS COUNTY,0.0725
95225,CALAVERAS COUNTY,0.0725
95226,CALAVERAS COUNTY,0.0725
95227,SAN JOAQUIN COUNTY,0.0775
95228,CALAVERAS COUNTY,0.0725
95229,CALAVERAS COUNTY,0.0725
95230,SAN JOAQUIN COUNTY,0.0775
95231,SAN JOAQUIN COUNTY,0.0775
95232,CALAVERAS COUNTY,0.0725
95233,CALAVERAS COUNTY,0.0725
95234,SAN JOAQUIN COUNTY,0.0775
95236,SAN JOAQUIN COUNTY,0.0775
95237,SAN JOAQUIN COUNTY,0.0775
95240,LODI,0.0825
95241,LODI,0.0825
95242,LODI,0.0825
95245,CALAVERAS COUNTY,0.0725
95246,CALAVERAS COUNTY,0.0725
95247,CALAVERAS COUNTY,0.0725
95248,CALAVERAS COUNTY,0.0725
95249,CALAVERAS COUNTY,0.0725
95251,CALAVERAS COUNTY,0.0725
95252,CALAVERAS COUNTY,0.0725
95253,SAN JOAQUIN COUNTY,0.0775
95254,CALAVERAS COUNTY,0.0725
95255,CALAVERAS COUNTY,0.0725
95257,CALAVERAS COUNTY,0.0725
95258,SAN JOAQUIN COUNTY,0.0775
95267,STOCKTON TOURISM BUSINESS IMPROVEMENT DISTRICT,0.09
95269,STOCKTON TOURISM BUSINESS IMPROVEMENT DISTRICT,0.09
95297,STOCKTON TOURISM BUSINESS IMPROVEMENT DISTRICT,0.09
95301,ATWATER,0.0825
95303,MERCED COUNTY,0.0775
95304,SAN JOAQUIN COUNTY,0.0775
95305,TUOLUMNE COUNTY,0.0725
95306,MARIPOSA COUNTY DISTRICT TAX SP,0.0775
95307,CERES,0.08375
95309,TUOLUMNE COUNTY,0.0725
95310,TUOLUMNE COUNTY,0.0725
95311,MARIPOSA COUNTY DISTRICT TAX SP,0.0775
95312,MERCED COUNTY,0.0775
95313,STANISLAUS COUNTY,0.07875
95315,MERCED COUNTY,0.0775
95316,STANISLAUS COUNTY,0.07875
95317,MERCED COUNTY,0.0775
95318,MARIPOSA COUNTY DISTRICT TAX SP,0.0775
95319,STANISLAUS COUNTY,0.07875
95320,ESCALON,0.0775
95321,TUOLUMNE COUNTY,0.0725
95322,GUSTINE,0.0825
95323,STANISLAUS COUNTY,0.07875
95324,MERCED COUNTY,0.0775
95325,MARIPOSA COUNTY DISTRICT TAX SP,0.0775
95326,HUGHSON,0.07875
95327,TUOLUMNE COUNTY,0.0725
95328,STANISLAUS COUNTY,0.07875
95329,TUOLUMNE COUNTY,0.0725
95330,LATHROP,0.0875
95333,MERCED COUNTY,0.0775
95334,LIVINGSTON,0.0775
95335,TUOLUMNE COUNTY,0.0725
95336,MANTECA,0.0825
95337,MANTECA,0.0825
95338,MARIPOSA COUNTY DISTRICT TAX SP,0.0775
95340,MERCED,0.0825
95341,MERCED,0.0825
95343,MERCED COUNTY,0.0775
95344,MERCED,0.0825
95345,MARIPOSA COUNTY DISTRICT TAX SP,0.0775
95346,TUOLUMNE COUNTY,0.0725
95347,TUOLUMNE COUNTY,0.0725
95348,MERCED,0.0825
95350,MODESTO,0.07875
95351,MODESTO,0.07875
95352,MODESTO,0.07875
95353,MODESTO,0.07875
95354,MODESTO,0.07875
95355,MODESTO,0.07875
95356,MODESTO,0.07875
95357,STANISLAUS COUNTY,0.07875
95358,STANISLAUS COUNTY,0.07875
95360,NEWMAN,0.07875
95361,OAKDALE,0.08375
95363,PATTERSON,0.07875
95364,TUOLUMNE COUNTY,0.0725
95365,MERCED COUNTY,0.0775
95366,RIPON,0.0775
95367,RIVERBANK,0.07875
95368,STANISLAUS COUNTY,0.07875
95369,MERCED COUNTY,0.0775
95370,TUOLUMNE COUNTY,0.0725
95372,TUOLUMNE COUNTY,0.0725
95373,TUOLUMNE COUNTY,0.0725
95374,MERCED COUNTY,0.0775
95375,TUOLUMNE COUNTY,0.0725
95376,TRACY,0.0825
95377,TRACY,0.0825
95378,TRACY,0.0825
95379,TUOLUMNE COUNTY,0.0725
95380,TURLOCK,0.08625
95381,TURLOCK,0.08625
95382,TURLOCK,0.08625
95383,TUOLUMNE COUNTY,0.0725
95385,STANISLAUS COUNTY,0.07875
95386,WATERFORD,0.07875
95387,STANISLAUS COUNTY,0.07875
95388,MERCED COUNTY,0.0775
95389,MARIPOSA COUNTY DISTRICT TAX SP,0.0775
95391,SAN JOAQUIN COUNTY,0.0775
95397,MODESTO,0.07875
95401,SANTA ROSA TOURISM BUSINESS IMPROVEMENT AREA,0.0925
95402,SANTA ROSA TOURISM BUSINESS IMPROVEMENT AREA,0.0925
95403,SANTA ROSA TOURISM BUSINESS IMPROVEMENT AREA,0.0925
95404,SANTA ROSA TOURISM BUSINESS IMPROVEMENT AREA,0.0925
95405,SANTA ROSA TOURISM BUSINESS IMPROVEMENT AREA,0.0925
95406,SANTA ROSA TOURISM BUSINESS IMPROVEMENT AREA,0.0925
95407,SANTA ROSA TOURISM BUSINESS IMPROVEMENT AREA,0.0925
95409,SANTA ROSA TOURISM BUSINESS IMPROVEMENT AREA,0.0925
95410,MENDOCINO COUNTY LODGING BUSINESS IMPROVEMENT DISTRICT,0.07875
95412,SONOMA COUNTY TOURISM BUSINESS IMPROVEMENT AREA,0.085
95415,MENDOCINO COUNTY LODGING BUSINESS IMPROVEMENT DISTRICT,0.07875
95416,SONOMA COUNTY TOURISM BUSINESS IMPROVEMENT AREA,0.085
95417,MENDOCINO COUNTY LODGING BUSINESS IMPROVEMENT DISTRICT,0.07875
95418,MENDOCINO COUNTY LODGING BUSINESS IMPROVEMENT DISTRICT,0.07875
95419,SONOMA COUNTY TOURISM BUSINESS IMPROVEMENT AREA,0.085
95420,MENDOCINO COUNTY LODGING BUSINESS IMPROVEMENT DISTRICT,0.07875
95421,SONOMA COUNTY TOURISM BUSINESS IMPROVEMENT AREA,0.085
95422,CLEARLAKE,0.0875
95423,LAKE,0.0725
95424,CLEARLAKE,0.0875
95425,CLOVERDALE,0.085
95426,LAKE,0.0725
95427,MENDOCINO COUNTY LODGING BUSINESS IMPROVEMENT DISTRICT,0.07875
95428,MENDOCINO COUNTY LODGING BUSINESS IMPROVEMENT DISTRICT,0.07875
95429,MENDOCINO COUNTY LODGING BUSINESS IMPROVEMENT DISTRICT,0.07875
95430,SONOMA COUNTY TOURISM BUSINESS IMPROVEMENT AREA,0.085
95431,SONOMA COUNTY TOURISM BUSINESS IMPROVEMENT AREA,0.085
95432,MENDOCINO COUNTY LODGING BUSINESS IMPROVEMENT DISTRICT,0.07875
95433,SONOMA COUNTY TOURISM BUSINESS IMPROVEMENT AREA,0.085
95435,LAKE,0.0725
95436,SONOMA COUNTY TOURISM BUSINESS IMPROVEMENT AREA,0.085
95437,FORT BRAGG,0.08875
95439,SONOMA COUNTY TOURISM BUSINESS IMPROVEMENT AREA,0.085
95441,SONOMA COUNTY TOURISM BUSINESS IMPROVEMENT AREA,0.085
95442,SONOMA COUNTY TOURISM BUSINESS IMPROVEMENT AREA,0.085
95443,LAKE,0.0725
95444,SONOMA COUNTY TOURISM BUSINESS IMPROVEMENT AREA,0.085
95445,MENDOCINO COUNTY LODGING BUSINESS IMPROVEMENT DISTRICT,0.07875
95446,SONOMA COUNTY TOURISM BUSINESS IMPROVEMENT AREA,0.085
95448,HEALDSBURG,0.09
95449,MENDOCINO COUNTY LODGING BUSINESS IMPROVEMENT DISTRICT,0.07875
95450,SONOMA COUNTY TOURISM BUSINESS IMPROVEMENT AREA,0.085
95451,LAKE,0.0725
95452,SONOMA COUNTY TOURISM BUSINESS IMPROVEMENT AREA,0.085
95453,LAKEPORT,0.0875
95454,MENDOCINO COUNTY LODGING BUSINESS IMPROVEMENT DISTRICT,0.07875
95456,MENDOCINO COUNTY LODGING BUSINESS IMPROVEMENT DISTRICT,0.07875
95457,LAKE,0.0725
95458,LAKE,0.0725
95459,MENDOCINO COUNTY LODGING BUSINESS IMPROVEMENT DISTRICT,0.07875
95460,MENDOCINO COUNTY LODGING BUSINESS IMPROVEMENT DISTRICT,0.07875
95461,LAKE,0.0725
95462,SONOMA COUNTY TOURISM BUSINESS IMPROVEMENT AREA,0.085
95463,MENDOCINO COUNTY LODGING BUSINESS IMPROVEMENT DISTRICT,0.07875
95464,LAKE,0.0725
95465,SONOMA COUNTY TOURISM BUSINESS IMPROVEMENT AREA,0.085
95466,MENDOCINO COUNTY LODGING BUSINESS IMPROVEMENT DISTRICT,0.07875
95467,LAKE,0.0725
95468,MENDOCINO COUNTY LODGING BUSINESS IMPROVEMENT DISTRICT,0.07875
95469,MENDOCINO COUNTY LODGING BUSINESS IMPROVEMENT DISTRICT,0.07875
95470,MENDOCINO COUNTY LODGING BUSINESS IMPROVEMENT DISTRICT,0.07875
95471,SONOMA COUNTY TOURISM BUSINESS IMPROVEMENT AREA,0.085
95472,SONOMA COUNTY TOURISM BUSINESS IMPROVEMENT AREA,0.085
95473,SEBASTOPOL,0.0925
95476,SONOMA COUNTY TOURISM BUSINESS IMPROVEMENT AREA,0.085
95480,THE SEA RANCH,0.085
95481,MENDOCINO COUNTY LODGING BUSINESS IMPROVEMENT DISTRICT,0.07875
95482,UKIAH,0.08875
95485,LAKE,0.0725
95486,SONOMA COUNTY TOURISM BUSINESS IMPROVEMENT AREA,0.085
95487,SONOMA COUNTY TOURISM BUSINESS IMPROVEMENT AREA,0.085
95488,MENDOCINO COUNTY LODGING BUSINESS IMPROVEMENT DISTRICT,0.07875
95490,MENDOCINO COUNTY LODGING BUSINESS IMPROVEMENT DISTRICT,0.07875
95492,WINDSOR,0.085
95493,LAKE,0.0725
95494,MENDOCINO COUNTY LODGING BUSINESS IMPROVEMENT DISTRICT,0.07875
95497,THE SEA RANCH,0.085
95501,EUREKA,0.0925
95502,EUREKA,0.0925
95503,HUMBOLDT COUNTY TOURISM BUSINESS IMPROVEMENT DISTRICT,0.0775
95511,HUMBOLDT COUNTY TOURISM BUSINESS IMPROVEMENT DISTRICT,0.0775
95514,HUMBOLDT COUNTY TOURISM BUSINESS IMPROVEMENT DISTRICT,0.0775
95518,ARCATA,0.085
95519,HUMBOLDT COUNTY TOURISM BUSINESS IMPROVEMENT DISTRICT,0.0775
95521,ARCATA,0.085
95524,HUMBOLDT COUNTY TOURISM BUSINESS IMPROVEMENT DISTRICT,0.0775
95525,HUMBOLDT COUNTY TOURISM BUSINESS IMPROVEMENT DISTRICT,0.0775
95526,HUMBOLDT COUNTY TOURISM BUSINESS IMPROVEMENT DISTRICT,0.0775
95527,TRINITY COUNTY,0.0725
95528,HUMBOLDT COUNTY TOURISM BUSINESS IMPROVEMENT DISTRICT,0.0775
95531,DEL NORTE COUNTY,0.085
95532,CRESCENT CITY,0.085
95534,HUMBOLDT COUNTY TOURISM BUSINESS IMPROVEMENT DISTRICT,0.0775
95536,HUMBOLDT COUNTY TOURISM BUSINESS IMPROVEMENT DISTRICT,0.0775
95537,HUMBOLDT COUNTY TOURISM BUSINESS IMPROVEMENT DISTRICT,0.0775
95540,FORTUNA,0.085
95542,HUMBOLDT COUNTY TOURISM BUSINESS IMPROVEMENT DISTRICT,0.0775
95543,DEL NORTE COUNTY,0.085
95545,HUMBOLDT COUNTY TOURISM BUSINESS IMPROVEMENT DISTRICT,0.0775
95546,HUMBOLDT COUNTY TOURISM BUSINESS IMPROVEMENT DISTRICT,0.0775
95547,HUMBOLDT COUNTY TOURISM BUSINESS IMPROVEMENT DISTRICT,0.0775
95548,DEL NORTE COUNTY,0.085
95549,HUMBOLDT COUNTY TOURISM BUSINESS IMPROVEMENT DISTRICT,0.0775
95550,HUMBOLDT COUNTY TOURISM BUSINESS IMPROVEMENT DISTRICT,0.0775
95551,HUMBOLDT COUNTY TOURISM BUSINESS IMPROVEMENT DISTRICT,0.0775
95552,TRINITY COUNTY,0.0725
95553,HUMBOLDT COUNTY TOURISM BUSINESS IMPROVEMENT DISTRICT,0.0775
95554,HUMBOLDT COUNTY TOURISM BUSINESS IMPROVEMENT DISTRICT,0.0775
95555,HUMBOLDT COUNTY TOURISM BUSINESS IMPROVEMENT DISTRICT,0.0775
95556,HUMBOLDT COUNTY TOURISM BUSINESS IMPROVEMENT DISTRICT,0.0775
95558,HUMBOLDT COUNTY TOURISM BUSINESS IMPROVEMENT DISTRICT,0.0775
95559,HUMBOLDT COUNTY TOURISM BUSINESS IMPROVEMENT DISTRICT,0.0775
95560,HUMBOLDT COUNTY TOURISM BUSINESS IMPROVEMENT DISTRICT,0.0775
95562,RIO DELL,0.0875
95563,TRINITY COUNTY,0.0725
95564,HUMBOLDT COUNTY TOURISM BUSINESS IMPROVEMENT DISTRICT,0.0775
95565,HUMBOLDT COUNTY TOURISM BUSINESS IMPROVEMENT DISTRICT,0.0775
95567,DEL NORTE COUNTY,0.085
95568,SISKIYOU CO LOCAL TAX SL,0.0725
95569,HUMBOLDT COUNTY TOURISM BUSINESS IMPROVEMENT DISTRICT,0.0775
95570,HUMBOLDT COUNTY TOURISM BUSINESS IMPROVEMENT DISTRICT,0.0775
95571,HUMBOLDT COUNTY TOURISM BUSINESS IMPROVEMENT DISTRICT,0.0775
95573,HUMBOLDT COUNTY TOURISM BUSINESS IMPROVEMENT DISTRICT,0.0775
95585,MENDOCINO COUNTY LODGING BUSINESS IMPROVEMENT DISTRICT,0.07875
95587,HUMBOLDT COUNTY TOURISM BUSINESS IMPROVEMENT DISTRICT,0.0775
95589,HUMBOLDT COUNTY TOURISM BUSINESS IMPROVEMENT DISTRICT,0.0775
95595,TRINITY COUNTY,0.0725
95601,AMADOR,0.0775
95602,PLACER COUNTY WESTERN SLOPE,0.0725
95603,AUBURN,0.0725
95604,AUBURN,0.0725
95605,WEST SACRAMENTO,0.0825
95606,YOLO COUNTY TOURISM BUSINESS IMPROVEMENT DISTRICT,0.0725
95607,YOLO COUNTY TOURISM BUSINESS IMPROVEMENT DISTRICT,0.0725
95608,SACRAMENTO TMD ZONE 4,0.0775
95609,SACRAMENTO TMD ZONE 4,0.0775
95610,CITRUS HEIGHTS,0.0775
95611,CITRUS HEIGHTS,0.0775
95612,YOLO COUNTY TOURISM BUSINESS IMPROVEMENT DISTRICT,0.0725
95613,EL DORADO COUNTY,0.0725
95614,EL DORADO COUNTY,0.0725
95615,SACRAMENTO TMD ZONE 4,0.0775
95616,DAVIS,0.0825
95617,DAVIS,0.0825
95618,DAVIS,0.0825
95619,EL DORADO COUNTY,0.0725
95620,DIXON,0.07375
95621,CITRUS HEIGHTS,0.0775
95623,EL DORADO COUNTY,0.0725
95624,ELK GROVE,0.0775
95625,SOLANO COUNTY,0.07375
95626,SACRAMENTO TMD ZONE 4,0.0775
95627,YOLO COUNTY TOURISM BUSINESS IMPROVEMENT DISTRICT,0.0725
95628,SACRAMENTO TMD ZONE 4,0.0775
95629,AMADOR COUNTY,0.0775
95630,FOLSOM TOURISM BUSINESS IMPROVEMENT DISTRICT,0.0775
95631,PLACER COUNTY WESTERN SLOPE,0.0725
95632,GALT,0.0825
95633,EL DORADO COUNTY,0.0725
95634,EL DORADO COUNTY,0.0725
95635,EL DORADO COUNTY,0.0725
95636,EL DORADO COUNTY,0.0725
95637,YOLO COUNTY TOURISM BUSINESS IMPROVEMENT DISTRICT,0.0725
95638,SACRAMENTO TMD ZONE 4,0.0775
95639,SACRAMENTO TMD ZONE 4,0.0775
95640,AMADOR COUNTY,0.0775
95641,SACRAMENTO TMD ZONE 4,0.0775
95642,JACKSON,0.0775
95645,YOLO COUNTY TOURISM BUSINESS IMPROVEMENT DISTRICT,0.0725
95646,ALPINE COUNTY,0.0725
95648,LINCOLN,0.0725
95650,LOOMIS,0.075
95651,EL DORADO COUNTY,0.0725
95652,SACRAMENTO TMD ZONE 4,0.0775
95653,YOLO COUNTY TOURISM BUSINESS IMPROVEMENT DISTRICT,0.0725
95654,JACKSON,0.0775
95655,SACRAMENTO TMD ZONE 4,0.0775
95656,EL DORADO COUNTY,0.0725
95658,PLACER COUNTY WESTERN SLOPE,0.0725
95659,SUTTER CO LOCAL TAX SL,0.0725
95660,SACRAMENTO TMD ZONE 4,0.0775
95661,ROSEVILLE,0.0775
95662,SACRAMENTO TMD ZONE 4,0.0775
95663,PLACER COUNTY WESTERN SLOPE,0.0725
95664,EL DORADO COUNTY,0.0725
95665,AMADOR COUNTY,0.0775
95666,AMADOR COUNTY,0.0775
95667,EL DORADO COUNTY,0.0725
95668,SUTTER CO LOCAL TAX SL,0.0725
95669,AMADOR COUNTY,0.0775
95670,RANCHO CORDOVA TOURISM BUSINESS IMPROVEMENT DISTRICT,0.0875
95671,FOLSOM TOURISM BUSINESS IMPROVEMENT DISTRICT,0.0775
95672,EL DORADO COUNTY,0.0725
95673,SACRAMENTO TMD ZONE 4,0.0775
95674,SUTTER CO LOCAL TAX SL,0.0725
95675,AMADOR COUNTY,0.0775
95676,SUTTER CO LOCAL TAX SL,0.0725
95677,ROCKLIN,0.0725
95678,ROSEVILLE,0.0775
95679,YOLO COUNTY TOURISM BUSINESS IMPROVEMENT DISTRICT,0.0725
95680,SACRAMENTO TMD ZONE 4,0.0775
95681,PLACER COUNTY WESTERN SLOPE,0.0725
95682,EL DORADO COUNTY,0.0725
95683,SACRAMENTO TMD ZONE 4,0.0775
95684,EL DORADO COUNTY,0.0725
95685,SUTTER CREEK,0.0775
95686,SAN JOAQUIN COUNTY,0.0775
95687,VACAVILLE,0.08125
95688,VACAVILLE,0.08125
95689,AMADOR COUNTY,0.0775
95690,SACRAMENTO TMD ZONE 4,0.0775
95691,WEST SACRAMENTO,0.0825
95692,WHEATLAND,0.0775
95693,SACRAMENTO TMD ZONE 4,0.0775
95694,WINTERS,0.0725
95695,WOODLAND,0.08
95696,VACAVILLE,0.08125
95697,YOLO COUNTY TOURISM BUSINESS IMPROVEMENT DISTRICT,0.0725
95698,YOLO COUNTY TOURISM BUSINESS IMPROVEMENT DISTRICT,0.0725
95699,SUTTER CREEK,0.0775
95701,PLACER COUNTY WESTERN SLOPE,0.0725
95703,PLACER COUNTY WESTERN SLOPE,0.0725
95709,EL DORADO COUNTY,0.0725
95712,NEVADA COUNTY,0.075
95713,PLACER COUNTY WESTERN SLOPE,0.0725
95714,PLACER COUNTY WESTERN SLOPE,0.0725
95715,PLACER COUNTY WESTERN SLOPE,0.0725
95717,PLACER COUNTY WESTERN SLOPE,0.0725
95720,EL DORADO COUNTY,0.0725
95721,EL DORADO COUNTY,0.0725
95722,PLACER COUNTY WESTERN SLOPE,0.0725
95724,NEVADA COUNTY,0.075
95726,EL DORADO COUNTY,0.0725
95728,NEVADA COUNTY,0.075
95735,EL DORADO COUNTY,0.0725
95736,PLACER COUNTY WESTERN SLOPE,0.0725
95741,RANCHO CORDOVA TOURISM BUSINESS IMPROVEMENT DISTRICT,0.0875
95742,RANCHO CORDOVA TOURISM BUSINESS IMPROVEMENT DISTRICT,0.0875
95746,PLACER COUNTY WESTERN SLOPE,0.0725
95747,ROSEVILLE,0.0775
95757,ELK GROVE,0.0775
95758,ELK GROVE,0.0775
95759,ELK GROVE,0.0775
95762,EL DORADO COUNTY,0.0725
95763,FOLSOM TOURISM BUSINESS IMPROVEMENT DISTRICT,0.0775
95765,ROCKLIN,0.0725
95776,WOODLAND,0.08
95798,WEST SACRAMENTO,0.0825
95799,WEST SACRAMENTO,0.0825
95811,SACRAMENTO TMD ZONE 1,0.0875
95812,SACRAMENTO TMD ZONE 1,0.0875
95813,SACRAMENTO TMD ZONE 2,0.0875
95814,SACRAMENTO TMD ZONE 1,0.0875
95815,SACRAMENTO TMD ZONE 2,0.0875
95816,SACRAMENTO TMD ZONE 1,0.0875
95817,SACRAMENTO,0.0875
95818,SACRAMENTO,0.0875
95819,SACRAMENTO,0.0875
95820,SACRAMENTO,0.0875
95821,SACRAMENTO TMD ZONE 2,0.0775
95822,SACRAMENTO,0.0875
95823,SACRAMENTO,0.0875
95824,SACRAMENTO TMD ZONE 4,0.0775
95825,SACRAMENTO TMD ZONE 2,0.0775
95826,SACRAMENTO TMD ZONE 4,0.0775
95827,RANCHO CORDOVA TOURISM BUSINESS IMPROVEMENT DISTRICT,0.0875
95828,SACRAMENTO TMD ZONE 4,0.0775
95829,SACRAMENTO TMD ZONE 4,0.0775
95830,SACRAMENTO TMD ZONE 4,0.0775
95831,SACRAMENTO,0.0875
95832,SACRAMENTO,0.0875
95833,SACRAMENTO TMD ZONE 3,0.0875
95834,SACRAMENTO TMD ZONE 3,0.0875
95835,SACRAMENTO TMD ZONE 3,0.0875
95836,SUTTER CO LOCAL TAX SL,0.0725
95837,SACRAMENTO TMD ZONE 3,0.0775
95838,SACRAMENTO TMD ZONE 2,0.0875
95840,SACRAMENTO TMD ZONE 1,0.0875
95841,SACRAMENTO TMD ZONE 4,0.0775
95842,SACRAMENTO TMD ZONE 4,0.0775
95843,SACRAMENTO TMD ZONE 4,0.0775
95851,SACRAMENTO TMD ZONE 2,0.0875
95852,SACRAMENTO TMD ZONE 2,0.0875
95853,SACRAMENTO TMD ZONE 2,0.0875
95860,SACRAMENTO TMD ZONE 2,0.0775
95864,SACRAMENTO TMD ZONE 4,0.0775
95865,SACRAMENTO TMD ZONE 2,0.0775
95866,SACRAMENTO TMD ZONE 2,0.0775
95867,SACRAMENTO TMD ZONE 1,0.0875
95894,SACRAMENTO,0.0875
95901,MARYSVILLE,0.0825
95903,YUBA,0.0825
95910,SIERRA COUNTY,0.0725
95912,COLUSA COUNTY,0.0725
95913,GLENN COUNTY,0.0725
95914,BUTTE COUNTY TOURISM BUSINESS IMPROVEMENT DISTRICT,0.0725
95915,PLUMAS CO LOCAL TAX SL,0.0725
95916,BUTTE COUNTY TOURISM BUSINESS IMPROVEMENT DISTRICT,0.0725
95917,BUTTE COUNTY TOURISM BUSINESS IMPROVEMENT DISTRICT,0.0725
95918,YUBA,0.0825
95919,YUBA,0.0825
95920,GLENN COUNTY,0.0725
95922,YUBA,0.0825
95923,PLUMAS CO LOCAL TAX SL,0.0725
95924,NEVADA COUNTY,0.075
95925,YUBA,0.0825
95926,CHICO,0.0725
95927,CHICO,0.0725
95928,CHICO,0.0725
95929,CHICO,0.0725
95930,BUTTE COUNTY TOURISM BUSINESS IMPROVEMENT DISTRICT,0.0725
95932,COLUSA,0.0725
95934,PLUMAS CO LOCAL TAX SL,0.0725
95935,YUBA,0.0825
95936,SIERRA COUNTY,0.0725
95937,YOLO COUNTY TOURISM BUSINESS IMPROVEMENT DISTRICT,0.0725
95938,BUTTE COUNTY TOURISM BUSINESS IMPROVEMENT DISTRICT,0.0725
95939,GLENN COUNTY,0.0725
95940,BUTTE COUNTY TOURISM BUSINESS IMPROVEMENT DISTRICT,0.0725
95941,BUTTE COUNTY TOURISM BUSINESS IMPROVEMENT DISTRICT,0.0725
95942,BUTTE COUNTY TOURISM BUSINESS IMPROVEMENT DISTRICT,0.0725
95943,GLENN COUNTY,0.0725
95944,SIERRA COUNTY,0.0725
95945,GRASS VALLEY,0.085
95946,NEVADA COUNTY,0.075
95947,PLUMAS CO LOCAL TAX SL,0.0725
95948,GRIDLEY,0.0725
95949,NEVADA COUNTY,0.075
95950,COLUSA COUNTY,0.0725
95951,GLENN COUNTY,0.0725
95953,LIVE OAK,0.0725
95954,BUTTE COUNTY TOURISM BUSINESS IMPROVEMENT DISTRICT,0.0725
95955,COLUSA COUNTY,0.0725
95956,PLUMAS CO LOCAL TAX SL,0.0725
95957,SUTTER CO LOCAL TAX SL,0.0725
95958,BUTTE COUNTY TOURISM BUSINESS IMPROVEMENT DISTRICT,0.0725
95959,NEVADA COUNTY,0.075
95960,NEVADA COUNTY,0.075
95961,YUBA,0.0825
95962,YUBA,0.0825
95963,ORLAND,0.0775
95965,OROVILLE,0.0825
95966,BUTTE COUNTY TOURISM BUSINESS IMPROVEMENT DISTRICT,0.0725
95967,PARADISE,0.0775
95968,BUTTE COUNTY TOURISM BUSINESS IMPROVEMENT DISTRICT,0.0725
95969,PARADISE,0.0775
95970,COLUSA COUNTY,0.0725
95971,PLUMAS CO LOCAL TAX SL,0.0725
95972,YUBA,0.0825
95973,CHICO,0.0725
95974,BUTTE COUNTY TOURISM BUSINESS IMPROVEMENT DISTRICT,0.0725
95975,NEVADA COUNTY,0.075
95976,CHICO,0.0725
95977,NEVADA COUNTY,0.075
95978,BUTTE COUNTY TOURISM BUSINESS IMPROVEMENT DISTRICT,0.0725
95979,COLUSA COUNTY,0.0725
95980,OROVILLE,0.0825
95981,PLUMAS CO LOCAL TAX SL,0.0725
95982,SUTTER CO LOCAL TAX SL,0.0725
95983,PLUMAS CO LOCAL TAX SL,0.0725
95984,PLUMAS CO LOCAL TAX SL,0.0725
95986,NEVADA COUNTY,0.075
95987,WILLIAMS,0.0775
95988,WILLOWS,0.0725
95991,YUBA CITY,0.0725
95992,YUBA CITY,0.0725
95993,YUBA CITY,0.0725
96001,REDDING,0.0725
96002,REDDING,0.0725
96003,REDDING,0.0725
96006,MODOC COUNTY,0.0725
96007,ANDERSON,0.0775
96008,SHASTA COUNTY,0.0725
96009,LASSEN COUNTY,0.0725
96010,TRINITY COUNTY,0.0725
96011,SHASTA COUNTY,0.0725
96013,SHASTA COUNTY,0.0725
96014,SISKIYOU CO LOCAL TAX SL,0.0725
96015,MODOC COUNTY,0.0725
96016,SHASTA COUNTY,0.0725
96017,SHASTA COUNTY,0.0725
96019,SHASTA LAKE,0.0725
96020,PLUMAS CO LOCAL TAX SL,0.0725
96021,CORNING,0.0775
96022,TEHAMA COUNTY,0.0725
96023,SISKIYOU CO LOCAL TAX SL,0.0725
96024,TRINITY COUNTY,0.0725
96025,SISKIYOU CO LOCAL TAX SL,0.0775
96027,SISKIYOU CO LOCAL TAX SL,0.0725
96028,SHASTA COUNTY,0.0725
96029,TEHAMA COUNTY,0.0725
96031,SISKIYOU CO LOCAL TAX SL,0.0725
96032,SISKIYOU CO LOCAL TAX SL,0.0725
96033,SHASTA COUNTY,0.0725
96034,SISKIYOU CO LOCAL TAX SL,0.0725
96035,TEHAMA COUNTY,0.0725
96037,SISKIYOU CO LOCAL TAX SL,0.0725
96038,SISKIYOU CO LOCAL TAX SL,0.0725
96039,SISKIYOU CO LOCAL TAX SL,0.0725
96040,SHASTA COUNTY,0.0725
96041,TRINITY COUNTY,0.0725
96044,SISKIYOU CO LOCAL TAX SL,0.0725
96046,TRINITY COUNTY,0.0725
96047,SHASTA COUNTY,0.0725
96048,TRINITY COUNTY,0.0725
96049,REDDING,0.0725
96050,SISKIYOU CO LOCAL TAX SL,0.0725
96051,SHASTA COUNTY,0.0725
96052,TRINITY COUNTY,0.0725
96054,MODOC COUNTY,0.0725
96055,TEHAMA COUNTY,0.0725
96056,LASSEN COUNTY,0.0725
96057,SISKIYOU CO LOCAL TAX SL,0.0725
96058,SISKIYOU CO LOCAL TAX SL,0.0725
96059,TEHAMA COUNTY,0.0725
96061,TEHAMA COUNTY,0.0725
96062,SHASTA COUNTY,0.0725
96063,TEHAMA COUNTY,0.0725
96064,SISKIYOU CO LOCAL TAX SL,0.0725
96065,SHASTA COUNTY,0.0725
96067,MT. SHASTA,0.075
96068,LASSEN COUNTY,0.0725
96069,SHASTA COUNTY,0.0725
96070,SHASTA COUNTY,0.0725
96071,SHASTA COUNTY,0.0725
96073,SHASTA COUNTY,0.0725
96074,TEHAMA COUNTY,0.0725
96075,TEHAMA COUNTY,0.0725
96076,TRINITY COUNTY,0.0725
96078,TEHAMA COUNTY,0.0725
96080,RED BLUFF,0.075
96084,SHASTA COUNTY,0.0725
96085,SISKIYOU CO LOCAL TAX SL,0.0725
96086,SISKIYOU CO LOCAL TAX SL,0.0725
96087,SHASTA COUNTY,0.0725
96088,SHASTA COUNTY,0.0725
96089,SHASTA LAKE,0.0725
96090,TEHAMA,0.0725
96091,TRINITY COUNTY,0.0725
96092,TEHAMA COUNTY,0.0725
96093,TRINITY COUNTY,0.0725
96094,SISKIYOU CO LOCAL TAX SL,0.0725
96095,SHASTA COUNTY,0.0725
96096,SHASTA COUNTY,0.0725
96097,YREKA,0.0775
96099,REDDING,0.0725
96101,ALTURAS,0.0725
96103,PLUMAS COUNTY,0.0725
96104,MODOC COUNTY,0.0725
96105,PLUMAS COUNTY,0.0725
96106,PLUMAS COUNTY,0.0725
96107,MONO COUNTY,0.0725
96108,MODOC COUNTY,0.0725
96109,LASSEN COUNTY,0.0725
96110,MODOC COUNTY,0.0725
96111,NEVADA COUNTY,0.075
96112,MODOC COUNTY,0.0725
96113,LASSEN COUNTY,0.0725
96114,LASSEN COUNTY,0.0725
96115,MODOC COUNTY,0.0725
96116,MODOC COUNTY,0.0725
96117,LASSEN COUNTY,0.0725
96118,LOYALTON,0.0725
96119,LASSEN COUNTY,0.0725
96120,ALPINE COUNTY,0.0725
96121,LASSEN COUNTY,0.0725
96122,PORTOLA,0.0725
96123,LASSEN COUNTY,0.0725
96124,SIERRA COUNTY,0.0725
96125,SIERRA COUNTY,0.0725
96126,SIERRA COUNTY,0.0725
96127,LASSEN COUNTY,0.0725
96128,LASSEN COUNTY,0.0725
96129,PLUMAS COUNTY,0.0725
96130,SUSANVILLE,0.0725
96132,LASSEN COUNTY,0.0725
96133,MONO COUNTY,0.0725
96134,MODOC COUNTY,0.0725
96135,PLUMAS COUNTY,0.0725
96136,LASSEN COUNTY,0.0725
96137,PLUMAS CO LOCAL TAX SL,0.0725
96140,PLACER COUNTY NORTH TAHOE AREA,0.0725
96141,PLACER COUNTY,0.0725
96142,EL DORADO COUNTY,0.0725
96143,PLACER COUNTY NORTH TAHOE AREA,0.0725
96145,PLACER COUNTY NORTH TAHOE AREA,0.0725
96146,PLACER COUNTY NORTH TAHOE AREA,0.0725
96148,PLACER COUNTY NORTH TAHOE AREA,0.0725
96150,SOUTH LAKE TAHOE NON REDEVELOPMENT AREA,0.0875
96151,SOUTH LAKE TAHOE NON REDEVELOPMENT AREA,0.0875
96152,SOUTH LAKE TAHOE NON REDEVELOPMENT AREA,0.0875
96154,SOUTH LAKE TAHOE NON REDEVELOPMENT AREA,0.0875
96155,EL DORADO COUNTY,0.0725
96157,EL DORADO COUNTY,0.0725
96158,SOUTH LAKE TAHOE NON REDEVELOPMENT AREA,0.0875
96160,TRUCKEE TOURISM BUSINESS IMPROVEMENT DISTRICT,0.0825
96161,TRUCKEE TOURISM BUSINESS IMPROVEMENT DISTRICT,0.0825
96162,TRUCKEE TOURISM BUSINESS IMPROVEMENT DISTRICT,0.0825
